-- phpMyAdmin SQL Dump
-- version 5.2.1
-- https://www.phpmyadmin.net/
--
-- Host: 127.0.0.1
-- Generation Time: Feb 26, 2025 at 08:14 PM
-- Server version: 10.4.32-MariaDB
-- PHP Version: 8.2.12

SET SQL_MODE = "NO_AUTO_VALUE_ON_ZERO";
START TRANSACTION;
SET time_zone = "+00:00";


/*!40101 SET @OLD_CHARACTER_SET_CLIENT=@@CHARACTER_SET_CLIENT */;
/*!40101 SET @OLD_CHARACTER_SET_RESULTS=@@CHARACTER_SET_RESULTS */;
/*!40101 SET @OLD_COLLATION_CONNECTION=@@COLLATION_CONNECTION */;
/*!40101 SET NAMES utf8mb4 */;

--
-- Database: `architects_domysuma`
--

-- --------------------------------------------------------

--
-- Table structure for table `admin`
--

CREATE TABLE `admin` (
  `admin_id` varchar(255) NOT NULL,
  `admin_name` varchar(255) NOT NULL,
  `admin_email` varchar(255) NOT NULL,
  `admin_password` varchar(255) NOT NULL,
  `admin_privileges` text DEFAULT NULL,
  `admin_image` varchar(255) DEFAULT NULL,
  `admin_date_created` datetime NOT NULL DEFAULT current_timestamp()
) ENGINE=InnoDB DEFAULT CHARSET=latin1 COLLATE=latin1_swedish_ci;

--
-- Dumping data for table `admin`
--

INSERT INTO `admin` (`admin_id`, `admin_name`, `admin_email`, `admin_password`, `admin_privileges`, `admin_image`, `admin_date_created`) VALUES
('ADM20230228JNo0abc', 'RentPesa', 'admin@gmail.com', '$2y$11$P8GIHyal2r3wD1repDxJYeG9tWGi9qKUD9ldpK8/W1t4ZhHBR3Nr.', 'super', NULL, '2023-03-13 11:18:42'),
('ADM20230228JNo0It8', 'Armstrong', 'nicolarealtykenya@gmail.com', '$2y$11$GUshwsFvjwx5/gxuvXbxoO9I.hqaY.SDNe5qKc3JgagFWp95VLnby', 'super', NULL, '2023-02-28 16:25:54'),
('ADM20230228PBHVahz', 'Sharon Darizo', 'darizosharon@gmail.com', '$2y$11$YSDvhnM1clvdxYeUSQao8ek2hYPWr3H7YwgCL47ffR3NUiAn0BOlK', 'standard', NULL, '2023-02-28 17:32:49'),
('ADM20230228pF82tPA', 'Vincent', 'vincentokwaro79@gmail.com', '$2y$11$FRkKiTK7xcKUj5kkS2o8HegmRVJcVpdUY5ULUofu7XnGzdonOZd3q', 'standard', NULL, '2023-02-28 16:31:58'),
('ADM202303069LhQ0oz', 'Richard shiundu', 'richard.shiundu@gmail.com', '$2y$11$FkP1EYmnWQjZPgbfHwGBhecsHJv9zGm/B7GsFjaSXcUO63aInZjJK', 'standard', NULL, '2023-03-06 16:43:21');

-- --------------------------------------------------------

--
-- Table structure for table `amenities`
--

CREATE TABLE `amenities` (
  `amenities_id` varchar(111) NOT NULL,
  `amenities_name` text NOT NULL,
  `amenities_date_created` datetime NOT NULL DEFAULT current_timestamp()
) ENGINE=InnoDB DEFAULT CHARSET=latin1 COLLATE=latin1_swedish_ci;

--
-- Dumping data for table `amenities`
--

INSERT INTO `amenities` (`amenities_id`, `amenities_name`, `amenities_date_created`) VALUES
('AME202301133XgsMBl', 'Balcony', '2023-01-12 17:09:24'),
('AME202301138Vgkbev', 'Lift', '2023-01-12 17:09:09'),
('AME20230113bFMpZIm', 'Electric Fence', '2023-01-12 17:06:01'),
('AME20230113FxLGfV6', 'CCTV', '2023-01-12 17:09:34'),
('AME20230113NYh4aId', 'Gym', '2023-01-12 17:05:38'),
('AME20230113pidlXTK', 'Playing Area', '2023-01-12 17:09:16'),
('AME20230113zpn1Sg5', 'Parking', '2023-01-12 17:05:53'),
('AME20230113zY7Mngb', 'Guards', '2023-01-12 17:09:41'),
('AME20230117Jv9DX28', 'Backup Generator', '2023-01-17 02:30:38'),
('AME20230117ktDSPo5', 'Perimeter Wall', '2023-01-17 02:40:10'),
('AME20230222xBmOyaH', 'Family Room', '2023-02-22 12:11:11'),
('AME202302237PMD1LG', 'Servant Quarter', '2023-02-23 17:06:58'),
('AME20230223Hu1Gs2y', 'Gated Community', '2023-02-23 17:07:21'),
('AME20230223iAFqE0S', 'Club House', '2023-02-23 18:45:36'),
('AME20230223OoTZeUb', 'Borehole', '2023-02-23 18:33:21'),
('AME20230223vt34T5g', 'Fitted Kitchen', '2023-02-23 17:04:16'),
('AME20230223WTIf8A1', 'Swimming Pool', '2023-02-23 16:55:54'),
('AME20230228E96epnb', 'electricity', '2023-02-28 16:20:24');

-- --------------------------------------------------------

--
-- Table structure for table `architect`
--

CREATE TABLE `architect` (
  `architect_id` varchar(255) NOT NULL,
  `architect_name` varchar(255) NOT NULL,
  `architect_email` varchar(255) NOT NULL,
  `architect_phone` varchar(255) DEFAULT NULL,
  `architect_password` varchar(255) NOT NULL,
  `architect_dob` date DEFAULT NULL,
  `property_id` text DEFAULT NULL,
  `architect_image` varchar(255) DEFAULT NULL,
  `architect_passport` varchar(255) DEFAULT NULL,
  `architect_kra` varchar(255) DEFAULT NULL,
  `kin_name` varchar(255) DEFAULT NULL,
  `kin_phone` varchar(255) DEFAULT NULL,
  `architect_status` enum('active','inactive') NOT NULL DEFAULT 'active',
  `role` enum('senior','junior','','') NOT NULL,
  `architect_date_created` datetime NOT NULL DEFAULT current_timestamp()
) ENGINE=InnoDB DEFAULT CHARSET=latin1 COLLATE=latin1_swedish_ci;

--
-- Dumping data for table `architect`
--

INSERT INTO `architect` (`architect_id`, `architect_name`, `architect_email`, `architect_phone`, `architect_password`, `architect_dob`, `property_id`, `architect_image`, `architect_passport`, `architect_kra`, `kin_name`, `kin_phone`, `architect_status`, `role`, `architect_date_created`) VALUES
('6V1DAjT', 'meshack', 'meshackyegon10@gmail.com', '254722617737', '$2y$11$P8GIHyal2r3wD1repDxJYeG9tWGi9qKUD9ldpK8/W1t4ZhHBR3Nr.', '2001-09-12', NULL, NULL, '38586125', 'A123456789', 'Mercy Lerionka', '254722805979', 'active', 'senior', '2025-02-22 12:57:56'),
('ARC202502240FgpZPo', 'Arden Teddy', 'meshackyegon109@gmail.com', '0722617737', '$2y$11$cGgx6jfKLUvCC0fYL9k45uSfwXS3equ1rLJYE1nY6/TmPmZ9UWMU6', NULL, NULL, NULL, '38586125', 'A123456789', 'Faith Lerionka', '254724218863', 'active', 'senior', '2025-02-24 14:07:53'),
('ARC20250224K6DILUQ', 'Mecy', 'meshackyegon1109@gmail.com', '0724140347', '$2y$11$RLMhVCpbPgG7zddS98iWZe64iUO3dMO/5BNJJWoC/peL6LRUEX8Tu', NULL, NULL, NULL, '20192019', 'A123456789', 'Emmanuel', '0725025667', 'active', 'junior', '2025-02-24 14:24:42');

-- --------------------------------------------------------

--
-- Table structure for table `banner`
--

CREATE TABLE `banner` (
  `banner_id` varchar(255) NOT NULL,
  `banner_title` varchar(255) NOT NULL,
  `banner_description` text DEFAULT NULL,
  `banner_poster` text NOT NULL,
  `property_id` varchar(100) DEFAULT NULL,
  `banner_url` text DEFAULT NULL,
  `banner_date_created` datetime NOT NULL DEFAULT current_timestamp()
) ENGINE=InnoDB DEFAULT CHARSET=latin1 COLLATE=latin1_swedish_ci;

--
-- Dumping data for table `banner`
--

INSERT INTO `banner` (`banner_id`, `banner_title`, `banner_description`, `banner_poster`, `property_id`, `banner_url`, `banner_date_created`) VALUES
('BNR20230223bJSQi5Y', 'View Our Kiambu Road Town House', '', '2.jpeg', 'APP20230223lNhvaTx', '', '2023-02-23 17:55:12'),
('BNR20230223ZGOPSWT', 'Spectacular Syokimau Town House', '', '3.jpeg', 'APP20230223JskLaFZ', '', '2023-02-23 17:54:03');

-- --------------------------------------------------------

--
-- Table structure for table `bedroom`
--

CREATE TABLE `bedroom` (
  `bedroom_id` varchar(255) NOT NULL,
  `bedroom_name` varchar(255) NOT NULL,
  `bedroom_date_created` datetime NOT NULL DEFAULT current_timestamp()
) ENGINE=InnoDB DEFAULT CHARSET=utf8mb4 COLLATE=utf8mb4_unicode_ci;

--
-- Dumping data for table `bedroom`
--

INSERT INTO `bedroom` (`bedroom_id`, `bedroom_name`, `bedroom_date_created`) VALUES
('Bedsitter', 'Bedsitter', '2024-04-01 14:00:59'),
('Five_Bedrooms', 'Five_Bedrooms', '2024-04-06 14:00:59'),
('Four_Bedrooms', 'Four_Bedrooms', '2024-04-05 14:00:59'),
('One_Bedroom', 'One_Bedroom', '2024-04-02 14:00:59'),
('Seven_Bedrooms', 'Seven_Bedrooms', '2024-04-08 14:00:59'),
('Six_Bedrooms', 'Six_Bedrooms', '2024-04-07 14:00:59'),
('Three_Bedrooms', 'Three_Bedrooms', '2024-04-03 14:00:59'),
('Two_Bedrooms', 'Two_Bedrooms', '2024-04-02 14:01:59');

-- --------------------------------------------------------

--
-- Table structure for table `booking`
--

CREATE TABLE `booking` (
  `booking_id` varchar(255) NOT NULL,
  `user_id` varchar(255) NOT NULL,
  `property_id` varchar(255) NOT NULL,
  `property_unit_id` varchar(255) DEFAULT NULL,
  `preferred_date` int(11) DEFAULT NULL,
  `starting_from` date DEFAULT NULL,
  `booking_check_in` date NOT NULL,
  `booking_check_out` date DEFAULT NULL,
  `booking_payment` enum('paid','unpaid') NOT NULL DEFAULT 'paid',
  `booking_date_created` datetime NOT NULL DEFAULT current_timestamp()
) ENGINE=InnoDB DEFAULT CHARSET=utf8mb4 COLLATE=utf8mb4_unicode_ci;

--
-- Dumping data for table `booking`
--

INSERT INTO `booking` (`booking_id`, `user_id`, `property_id`, `property_unit_id`, `preferred_date`, `starting_from`, `booking_check_in`, `booking_check_out`, `booking_payment`, `booking_date_created`) VALUES
('0iH2BVUjXhp', '6uY1N4c9VEl', 'APP20240504ZA2RxM3', 'UNT202405058pwxqYA', 5, '2023-03-05', '2023-01-18', NULL, '', '2023-10-10 02:15:12'),
('0s1KvoWQJcj', 'cqbtO30oygT', 'APP202405068PM1kDu', 'UNT20240506ZNyOuni', 5, '2023-03-05', '2023-04-11', NULL, '', '2023-04-10 09:24:29'),
('1C3xrHiJQkT', 'cqbtO30oygT', 'APP202405068PM1kDu', 'UNT20240506ZNyOuni', 5, '2023-03-05', '2023-04-12', NULL, '', '2023-04-10 15:32:02'),
('4vGziprqAZc', 'OsA5miKC0F9', 'APP20240506hExZ3OM', 'UNT20240506E7z0prW', 5, '2023-03-05', '2023-04-13', NULL, 'paid', '2023-04-08 12:49:07'),
('4XFj5qdOHwN', '6ZO1cSDIKJj', 'APP20240504TnEX3sj', 'UNT20240507oLJbFCM', 5, '2023-03-05', '2023-05-11', NULL, '', '2023-05-05 22:53:33'),
('5nQ132fdJMX', '6uY1N4c9VEl', 'APP20240503h7o1wxG', 'UNT20240507K4Lfs8n', 5, '2023-03-05', '2023-02-08', NULL, '', '2023-02-02 09:54:34'),
('6dzTWD0KnMA', 'cqbtO30oygT', 'APP20240504ZA2RxM3', 'UNT202405058pwxqYA', 5, '2023-03-05', '2023-01-11', NULL, 'paid', '2023-01-11 23:30:05'),
('6grFHPsW3R7', 'FpGi0KEPf8Y', 'APP20240504TnEX3sj', 'UNT20240507oLJbFCM', 5, '2023-03-05', '2023-05-07', NULL, '', '2023-05-06 12:01:19'),
('7HgRBTw1ezO', '0jog3yIUCGA', 'APP20240506hExZ3OM', 'UNT20240506E7z0prW', 5, '2023-03-05', '2023-03-31', NULL, '', '2023-03-22 10:00:04'),
('8S45pucGTB7', '0VK7FPymEhq', 'APP20240503h7o1wxG', 'UNT20240507QiydL0q', 5, '2023-03-05', '2023-02-14', NULL, '', '2023-02-14 03:33:54'),
('97GyM6pxlC1', '0VK7FPymEhq', 'APP20240503h7o1wxG', 'UNT20240507K4Lfs8n', 5, '2023-03-05', '2023-02-15', NULL, '', '2023-02-14 00:50:27'),
('A5ghDconeY6', 'cqbtO30oygT', 'APP202405068PM1kDu', 'UNT20240506ZNyOuni', 5, '2023-03-05', '2023-04-10', NULL, '', '2023-04-10 00:02:40'),
('aBwuTsrESd6', '0VK7FPymEhq', 'APP20240503h7o1wxG', 'UNT20240507QiydL0q', 5, '2023-03-05', '2023-02-21', NULL, '', '2023-02-24 13:33:34'),
('aYNtRL9JVEp', 'xso3gzWnRw8', 'APP20240506hExZ3OM', 'UNT20240506E7z0prW', 5, '2023-03-05', '2023-02-17', NULL, '', '2023-02-02 07:25:02'),
('AZ3ovHG24fY', 'cqbtO30oygT', 'APP20240504ZA2RxM3', 'UNT202405058pwxqYA', 5, '2023-03-05', '2023-01-11', NULL, 'paid', '2023-01-26 03:03:42'),
('bIPNKemR5qu', 'McD0GJTydFR', 'APP20240503h7o1wxG', 'UNT20240507K4Lfs8n', 5, '2023-03-05', '2023-02-02', NULL, '', '2023-02-14 03:41:39'),
('BKN202405059g7sInl', 'HvwPW9q', 'APP20240504ZA2RxM3', 'UNT202405058pwxqYA', 5, '2023-03-05', '2024-05-17', NULL, 'paid', '2024-05-05 13:37:13'),
('BKN20240506cOTLGj1', 'USR20240506m5aEW9h', 'APP20240504ZA2RxM3', 'UNT20240505H2S5bTy', 5, '2023-03-05', '2024-05-10', NULL, 'paid', '2024-05-06 12:27:07'),
('BKN20240506mUaSnDe', 'USR20240506NV75qmF', 'APP20240504ZA2RxM3', 'UNT202405058pwxqYA', 5, '2023-03-05', '2024-05-10', NULL, 'paid', '2023-11-13 12:23:32'),
('BKN20240506T8OdwxJ', 'USR20240506FL6eK39', 'APP20240504ZA2RxM3', 'UNT202405058pwxqYA', 5, '2023-03-05', '2024-06-08', NULL, 'paid', '2024-05-06 19:10:56'),
('BKN20240511VHBzjEs', 't3JCHT8PK5F', 'APP202405068PM1kDu', 'UNT202405064kD62PW', 1, '2024-05-17', '2024-05-18', NULL, 'paid', '2024-05-11 15:34:57'),
('BKN20240514MnelaNG', 't3JCHT8PK5F', 'APP20240504TnEX3sj', 'UNT20240507lZEpVne', 12, '2024-06-06', '2024-05-18', NULL, 'paid', '2024-05-14 10:19:44'),
('BKN20240515MzQ9IiG', 't3JCHT8PK5F', 'APP20240504TnEX3sj', 'UNT20240507tVZk4iz', 6, '2024-06-06', '2024-05-25', NULL, 'paid', '2024-05-15 10:36:16'),
('BKN20240515TEUylWb', 't3JCHT8PK5F', 'APP20240504TnEX3sj', 'UNT20240507lZEpVne', 27, '2024-06-30', '2024-05-28', NULL, 'paid', '2024-05-15 09:59:57'),
('BKN20240515ZnbHthp', 't3JCHT8PK5F', 'APP20240504TnEX3sj', 'UNT20240507lZEpVne', 6, '2024-06-06', '2024-05-30', NULL, 'paid', '2024-05-15 12:42:52'),
('BKN202405216Et98ya', 't3JCHT8PK5F', 'APP20240506hExZ3OM', 'UNT20240506E7z0prW', 31, '2024-06-02', '2024-05-31', NULL, 'paid', '2024-05-21 10:37:03'),
('BKN20240521EI8pWGx', 't3JCHT8PK5F', 'APP20240506hExZ3OM', 'UNT20240506E7z0prW', 6, '2024-06-06', '2024-06-02', NULL, 'paid', '2024-05-21 09:35:19'),
('BKN2024052710G6rU9', 'USR20240526mRsQZj6', 'APP20240506hExZ3OM', 'UNT20240506E7z0prW', 12, '2024-05-24', '2024-05-24', NULL, 'paid', '2024-05-27 00:34:14'),
('BKN20240527IVUeMpy', 'USR20240526mRsQZj6', 'APP20240506hExZ3OM', 'UNT20240506E7z0prW', 12, '2024-05-24', '2024-05-24', NULL, 'paid', '2024-05-27 00:34:29'),
('Bxs58Nz134A', '0jog3yIUCGA', 'APP20240504ZA2RxM3', 'UNT202405058pwxqYA', 5, '2023-03-05', '2023-01-11', NULL, '', '2023-01-06 09:46:32'),
('cDXfrmQqs0M', '0VK7FPymEhq', 'APP20240504TnEX3sj', 'UNT20240507oLJbFCM', 5, '2023-03-05', '2023-05-24', NULL, 'paid', '2023-05-08 17:50:11'),
('cnJCRK89eSD', 'O4SzKMjwBGt', 'APP20240504TnEX3sj', 'UNT20240507oLJbFCM', 5, '2023-03-05', '2023-05-08', NULL, '', '2023-05-08 08:29:39'),
('CPwyxdFNf2e', 'iAFH139ek8q', 'APP20240504TnEX3sj', 'UNT20240507oLJbFCM', 5, '2023-03-05', '2023-05-11', NULL, '', '2023-05-08 20:09:08'),
('CTO9wsDINvf', '0VK7FPymEhq', 'APP20240504TnEX3sj', 'UNT20240507oLJbFCM', 5, '2023-03-05', '2023-05-17', NULL, '', '2023-05-08 17:52:09'),
('cWhkdbjF6Pi', '0VK7FPymEhq', 'APP20240504TnEX3sj', 'UNT20240507oLJbFCM', 5, '2023-03-05', '2023-05-09', NULL, '', '2023-05-09 19:56:06'),
('Df3GkFy79BM', 'FdaVCtQgAK5', 'APP20240503h7o1wxG', 'UNT20240507K4Lfs8n', 5, '2023-03-05', '2023-02-21', NULL, '', '2023-02-20 21:44:21'),
('DoWxAZqcNyE', 'cqbtO30oygT', 'APP202405068PM1kDu', 'UNT20240506ZNyOuni', 5, '2023-03-05', '2023-04-15', NULL, '', '2023-04-08 16:44:24'),
('E12rfPnDSWI', 'W1g72jy0FAe', 'APP20240504TnEX3sj', 'UNT20240507lZEpVne', 5, '2023-03-05', '2023-04-30', NULL, '', '2023-04-29 17:14:32'),
('e1nYwQdi7O0', 'iWzTcjOEhXx', 'APP20240504TnEX3sj', 'UNT20240507lZEpVne', 5, '2023-03-05', '2023-05-08', NULL, '', '2023-05-08 17:12:53'),
('e8znfxmd0NY', '0jog3yIUCGA', 'APP20240506hExZ3OM', 'UNT20240506E7z0prW', 5, '2023-03-05', '2023-05-09', NULL, 'paid', '2023-05-08 15:55:31'),
('eDLmYuOqc7T', '0VK7FPymEhq', 'APP20240504TnEX3sj', 'UNT20240507oLJbFCM', 5, '2023-03-05', '2023-05-05', NULL, '', '2023-05-05 19:44:43'),
('eKXk0pV9U2m', 'oJtHC1p48sF', 'APP20240504TnEX3sj', 'UNT20240507oLJbFCM', 5, '2023-03-05', '2023-03-08', NULL, '', '2023-03-07 13:16:03'),
('EovO619zTwC', 'cqbtO30oygT', 'APP202405068PM1kDu', 'UNT20240506ZNyOuni', 5, '2023-03-05', '2023-04-18', NULL, '', '2023-04-08 16:46:53'),
('FbSrlzLQ6f3', '6uY1N4c9VEl', 'APP20240503h7o1wxG', 'UNT20240507K4Lfs8n', 5, '2023-03-05', '2023-03-06', NULL, '', '2023-02-27 12:15:00'),
('feBm2c9OWk6', 'FdaVCtQgAK5', 'APP20240504TnEX3sj', 'UNT20240507lZEpVne', 5, '2023-03-05', '2023-02-27', NULL, '', '2023-02-24 13:43:17'),
('fiboKQOCT9s', 'aLdFUHYmISu', 'APP20240504ZA2RxM3', 'UNT202405058pwxqYA', 5, '2023-03-05', '2023-01-11', NULL, '', '2023-01-17 10:10:46'),
('FkmAaejC46E', 'ILUDcQso5w9', 'APP20240503h7o1wxG', 'UNT20240507QiydL0q', 5, '2023-03-05', '2023-02-27', NULL, '', '2023-02-27 14:08:53'),
('FsCRnJNlpOo', 'q9cS2voZRNs', 'APP20240504ZA2RxM3', 'UNT202405058pwxqYA', 5, '2023-03-05', '2023-01-02', NULL, 'paid', '2022-12-30 02:13:23'),
('g6zGxSsAKTP', 'eMn0YzbGv24', 'APP20240504TnEX3sj', 'UNT20240507lZEpVne', 5, '2023-03-05', '2023-03-25', NULL, '', '2023-03-14 14:22:19'),
('goW4nvhQGxE', 'rYBxskOQ81d', 'APP20240504TnEX3sj', 'UNT20240507lZEpVne', 5, '2023-03-05', '2023-03-08', NULL, '', '2023-03-07 13:29:20'),
('hbTp2uWeUnf', 'haoG90S1fpe', 'APP20240504ZA2RxM3', 'UNT202405058pwxqYA', 5, '2023-03-05', '2022-12-26', NULL, 'paid', '2022-12-23 13:13:25'),
('HD4Qszixa8S', 't3JCHT8PK5F', 'APP20240503h7o1wxG', 'UNT20240507K4Lfs8n', 5, '2023-03-05', '2022-12-02', '2023-03-03', 'paid', '2022-11-29 23:12:01'),
('Hf01yCESJpa', 'xso3gzWnRw8', 'APP20240504ZA2RxM3', 'UNT202405058pwxqYA', 5, '2023-03-05', '2023-01-18', NULL, 'paid', '2023-01-17 01:01:27'),
('hkofqAQa1BS', 'MBI9GsWZp6J', 'APP20240504TnEX3sj', 'UNT20240507oLJbFCM', 5, '2023-03-05', '2023-05-01', NULL, '', '2023-04-29 09:38:47'),
('IOHP19nNkp3', 'GedFz6wxth9', 'APP202405068PM1kDu', 'UNT20240506GQX2PuI', 5, '2023-03-05', '2023-01-18', NULL, '', '2023-01-25 08:00:33'),
('iU2a7s5lZnr', 'cqbtO30oygT', 'APP202405068PM1kDu', 'UNT20240506ZNyOuni', 5, '2023-03-05', '2023-04-10', NULL, '', '2023-04-08 16:31:03'),
('IyNMiCZAk01', '0jog3yIUCGA', 'APP20240506hExZ3OM', 'UNT20240506E7z0prW', 5, '2023-03-05', '2023-05-09', NULL, '', '2023-05-08 16:00:50'),
('IZ4hyKl8uAi', 'T3NqboDua4S', 'APP20240504TnEX3sj', 'UNT20240507oLJbFCM', 5, '2023-03-05', '2022-11-03', NULL, '', '2023-03-10 17:41:02'),
('JjoWBSpAtCs', 'cqbtO30oygT', 'APP20240504ZA2RxM3', 'UNT202405058pwxqYA', 5, '2023-03-05', '2023-01-11', NULL, 'paid', '2023-01-11 09:17:18'),
('Jk5gMD4G0rd', 'cKQukE2aDdS', 'APP20240504ZA2RxM3', 'UNT202405058pwxqYA', 5, '2023-03-05', '2023-05-10', NULL, '', '2023-05-09 19:55:37'),
('kaiQEIU98zT', 'cqbtO30oygT', 'APP20240504ZA2RxM3', 'UNT202405058pwxqYA', 5, '2023-03-05', '2023-01-11', NULL, '', '2023-01-11 09:16:59'),
('kE3ijQLmaf1', 'cqbtO30oygT', 'APP20240504ZA2RxM3', 'UNT202405058pwxqYA', 5, '2023-03-05', '2023-01-09', NULL, 'paid', '2023-01-06 09:12:47'),
('kqzShuOFGVd', 's6HugqmKJbN', 'APP202405068PM1kDu', 'UNT20240506ZNyOuni', 5, '2023-03-05', '2023-04-14', NULL, '', '2023-04-11 10:45:21'),
('Kx7oy820Wes', 'cqbtO30oygT', 'APP20240504ZA2RxM3', 'UNT202405058pwxqYA', 5, '2023-03-05', '2023-01-11', NULL, 'paid', '2023-01-11 08:55:13'),
('LmKdpEPv8wT', '6ZO1cSDIKJj', 'APP20240504TnEX3sj', 'UNT20240507oLJbFCM', 5, '2023-03-05', '2023-05-10', NULL, '', '2023-05-05 22:49:52'),
('LNuPlOR4Khy', 'cqbtO30oygT', 'APP20240504ZA2RxM3', 'UNT202405058pwxqYA', 5, '2023-03-05', '2023-01-11', NULL, '', '2023-01-11 08:46:29'),
('lSihZVDvta8', 'aSzGs7EvBxN', 'APP202405068PM1kDu', 'UNT20240507lZEpVne', 5, '2023-03-05', '2022-12-28', NULL, '', '2022-12-23 12:36:31'),
('m2AnPOYyCv9', 'OsA5miKC0F9', 'APP20240504TnEX3sj', 'UNT20240507lZEpVne', 5, '2023-03-05', '2023-05-15', NULL, '', '2023-05-10 15:55:09'),
('moxMfLO2vZt', 'cqbtO30oygT', 'APP202405068PM1kDu', 'UNT20240506ZNyOuni', 5, '2023-03-05', '2023-04-14', NULL, '', '2023-04-10 15:35:57'),
('nMXgCIbV9H1', 'DGgf4ajClES', 'APP20240504TnEX3sj', 'UNT20240507lZEpVne', 5, '2023-03-05', '2023-03-06', NULL, '', '2023-03-01 13:30:21'),
('nUsGa6NpOHf', '6uY1N4c9VEl', 'APP20240504TnEX3sj', 'UNT20240507lZEpVne', 5, '2023-03-05', '2023-02-27', NULL, '', '2023-02-27 14:10:05'),
('NY4iQAHXK8s', '', 'APP20240506hExZ3OM', 'UNT20240506E7z0prW', 5, '2023-03-05', '2023-05-16', NULL, '', '2023-05-08 16:22:25'),
('OcGMWhEl0Zp', 'cqbtO30oygT', 'APP202405068PM1kDu', 'UNT20240506ZNyOuni', 5, '2023-03-05', '2023-04-15', NULL, '', '2023-04-08 16:55:13'),
('OMdPYqzEAQh', 'haoG90S1fpe', 'APP20240504ZA2RxM3', 'UNT202405058pwxqYA', 5, '2023-03-05', '2023-01-25', NULL, '', '2023-01-24 06:55:18'),
('P79863XWlDx', 'cqbtO30oygT', 'APP202405068PM1kDu', 'UNT20240506ZNyOuni', 5, '2023-03-05', '2023-04-10', NULL, '', '2023-04-08 16:58:54'),
('pMenBDzCh1j', 's6HugqmKJbN', 'APP20240504TnEX3sj', 'UNT20240507lZEpVne', 5, '2023-03-05', '2023-04-16', NULL, '', '2023-04-09 23:59:16'),
('pS3gePYzhy0', 'cqbtO30oygT', 'APP20240503h7o1wxG', 'UNT20240507K4Lfs8n', 5, '2023-03-05', '2023-02-06', NULL, '', '2023-02-09 04:48:37'),
('PSoY6QACrat', 'McD0GJTydFR', 'APP20240503h7o1wxG', 'UNT20240507K4Lfs8n', 5, '2023-03-05', '2023-02-14', NULL, '', '2023-02-14 03:44:54'),
('qH2GeYpK4x3', 'haoG90S1fpe', 'APP20240504ZA2RxM3', 'UNT202405058pwxqYA', 5, '2023-03-05', '2023-01-25', NULL, '', '2023-01-26 03:33:39'),
('qiGy4pMS5WT', 'GedFz6wxth9', 'APP20240504ZA2RxM3', 'UNT202405058pwxqYA', 5, '2023-03-05', '2023-01-18', NULL, '', '2023-01-17 10:05:26'),
('qJAZs4O7cXe', '6uY1N4c9VEl', 'UNT20240506ZNyOuni', 'UNT20240507lZEpVne', 5, '2023-03-05', '2022-12-14', NULL, '', '2022-12-07 04:57:38'),
('QJxAv8h1E36', 'cqbtO30oygT', 'APP20240503h7o1wxG', 'UNT20240507K4Lfs8n', 5, '2023-03-05', '2023-04-12', NULL, '', '2023-04-09 13:34:40'),
('qQZwr9DBnM8', 'LxvTVYXQi3y', 'APP20240506hExZ3OM', 'UNT20240506E7z0prW', 5, '2023-03-05', '2023-03-01', NULL, '', '2023-02-28 13:33:57'),
('Qr74jLwJ5U6', 'haoG90S1fpe', 'APP20240504ZA2RxM3', 'UNT202405058pwxqYA', 5, '2023-03-05', '2022-12-26', NULL, '', '2022-12-23 23:29:38'),
('r1NvDhZVa8j', 'w0pxq1Tnogs', 'APP20240504TnEX3sj', 'UNT20240507oLJbFCM', 5, '2023-03-05', '2023-03-08', NULL, '', '2023-03-07 13:24:50'),
('r1PYonXWVxA', '0VK7FPymEhq', 'APP20240503h7o1wxG', 'UNT20240507QiydL0q', 5, '2023-03-05', '2023-02-20', NULL, '', '2023-02-24 13:35:55'),
('R45Tdu0sxCD', 'Bhm81a7NIHs', 'APP20240504ZA2RxM3', 'UNT202405058pwxqYA', 5, '2023-03-05', '2023-01-11', NULL, '', '2023-01-11 23:27:53'),
('rPzCuSKpRml', 'J51oy6lguEe', 'APP20240504ZA2RxM3', 'UNT202405058pwxqYA', 5, '2023-03-05', '2022-12-12', NULL, 'paid', '2022-12-23 12:02:52'),
('RTFzVUkIv6C', 'dQqDMig8f7r', 'APP20240504TnEX3sj', 'UNT20240507oLJbFCM', 5, '2023-03-05', '2023-04-26', NULL, '', '2023-04-25 15:33:13'),
('SES20230510NjZsBOY', '', 'APP20240504TnEX3sj', 'UNT20240507oLJbFCM', 5, '2023-03-05', '2023-05-13', NULL, '', '2023-05-10 20:03:54'),
('SES20230510usEtPi5', 't3JCHT8PK5F', 'APP20240503h7o1wxG', 'UNT20240507QiydL0q', 5, '2023-03-05', '2023-03-05', '2023-08-08', 'paid', '2023-05-10 19:55:34'),
('SES2023051243oSzwA', 't3JCHT8PK5F', 'APP20240506hExZ3OM', 'UNT20240506GQX2PuI', 5, '2023-03-05', '2023-08-10', '2023-10-10', 'paid', '2023-05-12 11:44:26'),
('SES202305129RYs0Bq', 'USR20230512ougrvlQ', 'APP20240504ZA2RxM3', 'UNT20240505H2S5bTy', 5, '2023-03-05', '2023-05-18', NULL, 'paid', '2023-05-12 18:57:07'),
('SES20230512AiTW2HC', 't3JCHT8PK5F', 'APP202405068PM1kDu', 'UNT20240506ZNyOuni', 5, '2023-03-05', '2023-10-18', '2024-04-30', 'paid', '2023-05-12 12:08:22'),
('SES20230512jSPKmlO', 'USR20230512ougrvlQ', 'APP20240504ZA2RxM3', 'UNT20240505H2S5bTy', 5, '2023-03-05', '2023-05-18', NULL, 'paid', '2023-05-12 18:33:19'),
('SES20230512pkCRrT2', 'OsA5miKC0F9', 'APP20240504TnEX3sj', 'UNT20240507lZEpVne', 5, '2023-03-05', '2023-05-18', NULL, 'paid', '2023-05-12 00:17:43'),
('SES2023052247J91ei', '', 'APP20240504TnEX3sj', 'UNT20240507lZEpVne', 5, '2023-03-05', '2023-05-26', NULL, '', '2023-05-22 23:57:51'),
('SES202305241R3t0ln', 'USR20230524S7pw85F', 'APP20240504TnEX3sj', 'UNT20240507oLJbFCM', 5, '2023-03-05', '2023-05-25', NULL, '', '2023-05-24 14:32:38'),
('SES20230531faOriJ9', '', 'APP20240504ZA2RxM3', 'UNT202405058pwxqYA', 5, '2023-03-05', '2023-05-31', NULL, '', '2023-05-31 00:59:39'),
('SES20230531gFLQndM', '', 'APP20240504TnEX3sj', 'UNT20240507oLJbFCM', 5, '2023-03-05', '2023-05-31', NULL, '', '2023-05-31 10:35:38'),
('SES20230605brWE9tP', 'OsA5miKC0F9', 'APP20240504ZA2RxM3', 'UNT202405058pwxqYA', 5, '2023-03-05', '2023-06-09', NULL, 'paid', '2023-06-05 12:32:40'),
('SES20230605IDHBK2J', 'USR202306055kfTVb0', 'APP20240504ZA2RxM3', 'UNT202405058pwxqYA', 5, '2023-03-05', '2023-06-05', NULL, 'paid', '2023-06-05 12:58:15'),
('SES20230606jBMD5fS', 'O4SzKMjwBGt', 'APP20240504TnEX3sj', 'UNT20240507tVZk4iz', 5, '2023-03-05', '2023-06-06', NULL, 'paid', '2023-06-06 19:28:44'),
('SES20230606YxgZN5z', '', 'APP20240504TnEX3sj', 'UNT20240507tVZk4iz', 5, '2023-03-05', '2023-06-06', NULL, '', '2023-06-06 19:27:28'),
('SES20230608sSXzrt4', '', 'APP20240504ZA2RxM3', 'UNT202405058pwxqYA', 5, '2023-03-05', '2023-06-09', NULL, '', '2023-06-08 15:05:29'),
('SES20230608TQAZt2y', 'USR20230608VhuE5tc', 'APP20240504ZA2RxM3', 'UNT202405058pwxqYA', 5, '2023-03-05', '2023-06-09', NULL, 'paid', '2023-06-08 15:09:56'),
('SES20230609kwGyjzx', 'USR20230609neXZ1vW', 'APP202405068PM1kDu', 'UNT20240506ZNyOuni', 5, '2023-03-05', '2023-06-12', NULL, 'paid', '2023-06-09 19:14:45'),
('SES20230609pbaJl2c', '', 'APP20240504TnEX3sj', 'UNT20240507tVZk4iz', 5, '2023-03-05', '2023-06-09', NULL, '', '2023-06-09 15:37:41'),
('SES20230610WklMDjs', '', 'APP20240504TnEX3sj', 'UNT20240507tVZk4iz', 5, '2023-03-05', '2023-06-10', NULL, '', '2023-06-10 09:44:16'),
('SES20230612a49RK2Z', '0VK7FPymEhq', 'APP20240504TnEX3sj', 'UNT20240507tVZk4iz', 5, '2023-03-05', '2023-06-12', NULL, '', '2023-06-12 11:46:12'),
('SES20230612FECbeSY', '0VK7FPymEhq', 'APP20240504TnEX3sj', 'UNT20240507tVZk4iz', 5, '2023-03-05', '2023-06-12', NULL, '', '2023-06-12 11:44:08'),
('SES20230612wOXMW4N', '0VK7FPymEhq', 'APP20240504TnEX3sj', 'UNT20240507tVZk4iz', 5, '2023-03-05', '2023-06-14', NULL, '', '2023-06-12 12:17:13'),
('SES20230612Y0F2GLK', '0VK7FPymEhq', 'APP20240503h7o1wxG', 'UNT20240507K4Lfs8n', 5, '2023-03-05', '2023-06-12', NULL, '', '2023-06-12 23:47:52'),
('SES20230613TUhHl3N', '0VK7FPymEhq', 'APP20240503h7o1wxG', 'UNT20240507K4Lfs8n', 5, '2023-03-05', '2023-06-13', NULL, '', '2023-06-13 12:52:55'),
('SES20230614DWCXoLa', '', 'APP20240504TnEX3sj', 'UNT20240507lZEpVne', 5, '2023-03-05', '2023-06-16', NULL, '', '2023-06-14 12:22:42'),
('SES20230614fEzuT8A', '', 'APP20240504TnEX3sj', 'UNT20240507lZEpVne', 5, '2023-03-05', '2023-06-18', NULL, '', '2023-06-14 12:03:58'),
('SES20230614km6vHwB', '', 'APP20240504TnEX3sj', 'UNT20240507lZEpVne', 5, '2023-03-05', '2023-06-14', NULL, '', '2023-06-14 12:21:47'),
('SES20230619ZT0N1Px', '', 'APP20240504TnEX3sj', 'UNT20240507lZEpVne', 5, '2023-03-05', '2023-06-20', NULL, '', '2023-06-19 17:24:49'),
('SES20230620V9Q2jna', '', 'APP20240503h7o1wxG', 'UNT20240507QiydL0q', 5, '2023-03-05', '0000-00-00', NULL, 'paid', '2023-06-20 09:01:42'),
('SES20230626jFtukqW', '0VK7FPymEhq', 'APP20240504TnEX3sj', 'UNT20240507lZEpVne', 5, '2023-03-05', '2023-06-29', NULL, '', '2023-06-26 19:28:23'),
('SES20230626SBFWJnN', '', 'APP20240504TnEX3sj', 'UNT20240507lZEpVne', 5, '2023-03-05', '2023-06-28', NULL, '', '2023-06-26 19:15:23'),
('SES20230630wopgbDz', '', 'APP20240504TnEX3sj', 'UNT20240507lZEpVne', 5, '2023-03-05', '2023-07-01', NULL, '', '2023-06-30 21:28:16'),
('SES202307055I37vUB', '', 'APP20240506hExZ3OM', 'UNT20240506E7z0prW', 5, '2023-03-05', '2023-07-07', NULL, '', '2023-07-05 13:43:11'),
('SES20230714XfhuCFU', '', 'APP20240504TnEX3sj', 'UNT20240507lZEpVne', 5, '2023-03-05', '2023-07-16', NULL, '', '2023-07-14 23:23:50'),
('SES20230720jAMkNES', '', 'APP20240504TnEX3sj', 'UNT20240507lZEpVne', 5, '2023-03-05', '2023-07-20', NULL, '', '2023-07-20 12:19:38'),
('SES20230721IazWNyZ', '0VK7FPymEhq', 'APP20240504TnEX3sj', 'UNT20240507lZEpVne', 5, '2023-03-05', '2023-07-21', NULL, '', '2023-07-21 22:44:21'),
('SES20230722KmIwxBP', 'USR20230722zFk0ugQ', 'APP20240506hExZ3OM', 'UNT20240506E7z0prW', 5, '2023-03-05', '2023-07-22', NULL, '', '2023-07-22 15:04:55'),
('SES20230724aN41WGU', 'USR20230724NiKXICo', 'APP20240504TnEX3sj', 'UNT20240507lZEpVne', 5, '2023-03-05', '2023-07-29', NULL, '', '2023-07-24 18:54:27'),
('SES20230724lArDnJb', '', 'APP20240504TnEX3sj', 'UNT20240507lZEpVne', 5, '2023-03-05', '2023-07-25', NULL, '', '2023-07-24 18:49:46'),
('SES20230807XkKAaus', '', 'APP20240504ZA2RxM3', 'UNT202405058pwxqYA', 5, '2023-03-05', '2023-08-07', NULL, '', '2023-08-07 13:29:30'),
('SES20230808QnM8bmO', '', 'APP202405068PM1kDu', 'UNT20240506ZNyOuni', 5, '2023-03-05', '2023-08-14', NULL, '', '2023-08-08 15:14:49'),
('SES20230809bHQCzwj', '', 'APP20240504TnEX3sj', 'UNT20240507lZEpVne', 5, '2023-03-05', '2023-08-11', NULL, '', '2023-08-09 16:35:39'),
('SES20230809SbrZYRt', '', 'APP202405068PM1kDu', 'UNT20240506ZNyOuni', 5, '2023-03-05', '2023-08-09', NULL, '', '2023-08-09 01:10:07'),
('SES20230810PgMx2E8', '', 'APP20240504TnEX3sj', 'UNT20240507lZEpVne', 5, '2023-03-05', '2023-08-14', NULL, '', '2023-08-10 12:19:44'),
('SES20230814hiTD31w', '', 'APP20240504TnEX3sj', 'UNT20240507lZEpVne', 5, '2023-03-05', '2023-08-15', NULL, '', '2023-08-14 14:22:46'),
('SES20230815JIWzAgO', '', 'APP202405068PM1kDu', 'UNT20240506ZNyOuni', 5, '2023-03-05', '2023-08-15', NULL, '', '2023-08-15 14:14:54'),
('SES202308160kEBXST', '', 'APP20240504ZA2RxM3', 'UNT202405058pwxqYA', 5, '2023-03-05', '2023-08-22', NULL, '', '2023-08-16 09:47:45'),
('SES20230816zK0qp7W', '', 'APP20240504ZA2RxM3', 'UNT20240505H2S5bTy', 5, '2023-03-05', '2023-08-16', NULL, '', '2023-08-16 16:43:48'),
('SES202308224iqv5Nj', '', 'APP20240504ZA2RxM3', 'UNT202405058pwxqYA', 5, '2023-03-05', '2023-08-22', NULL, '', '2023-08-22 15:35:40'),
('SES202308231L5Dvth', '', 'APP20240504ZA2RxM3', 'UNT202405058pwxqYA', 5, '2023-03-05', '2023-08-23', NULL, '', '2023-08-23 15:46:30'),
('SES20230823lrH4CVh', '', 'APP20240504ZA2RxM3', 'UNT202405058pwxqYA', 5, '2023-03-05', '2023-08-23', NULL, '', '2023-08-23 15:46:20'),
('SES20230829xFTM4G1', '', 'APP20240504ZA2RxM3', 'UNT202405058pwxqYA', 5, '2023-03-05', '2023-08-29', NULL, '', '2023-08-29 19:46:59'),
('SES20230831lItWPj5', 'USR20230831A0CWduV', 'APP20240504TnEX3sj', 'UNT20240507lZEpVne', 5, '2023-03-05', '2023-08-31', NULL, '', '2023-08-31 00:11:18'),
('SES20230901AICjl9S', '0VK7FPymEhq', 'APP20240504TnEX3sj', 'UNT20240507lZEpVne', 5, '2023-03-05', '2023-09-01', NULL, 'paid', '2023-09-01 10:30:04'),
('SES20230901QizxV3Y', '0VK7FPymEhq', 'APP20240504TnEX3sj', 'UNT20240507lZEpVne', 5, '2023-03-05', '2023-09-01', NULL, 'paid', '2023-09-01 09:57:51'),
('SES20230908AioRX81', '', 'APP202405068PM1kDu', 'UNT202405064kD62PW', 5, '2023-03-05', '2023-09-08', NULL, '', '2023-09-08 15:53:37'),
('SES20230911UIk1VEO', 'USR20230911KIbBhok', 'APP20240504ZA2RxM3', 'UNT20240505H2S5bTy', 5, '2023-03-05', '2023-09-11', NULL, 'paid', '2023-09-11 10:36:23'),
('SES20230916suGwa10', '', 'APP20240504ZA2RxM3', 'UNT202405058pwxqYA', 5, '2023-03-05', '2023-09-18', NULL, '', '2023-09-16 19:29:08'),
('SES20230926hwCXyBq', '', 'APP20240504TnEX3sj', 'UNT20240507lZEpVne', 5, '2023-03-05', '2023-09-27', NULL, '', '2023-09-26 17:14:20'),
('SES20230926PSvdNtZ', '', 'APP20240504TnEX3sj', 'UNT20240507lZEpVne', 5, '2023-03-05', '2023-09-26', NULL, '', '2023-09-26 17:14:20'),
('SES20230930WEfgA9k', '', 'APP20240506hExZ3OM', 'UNT20240506E7z0prW', 5, '2023-03-05', '2023-10-06', NULL, '', '2023-09-30 17:44:09'),
('SES20231209bMApUSN', 'FBZdwEa9Gx1', 'APP20240504TnEX3sj', 'UNT20240507lZEpVne', 5, '2023-03-05', '2023-12-15', NULL, 'paid', '2023-12-09 20:10:40'),
('SES20231210Uy1wLY1', 'FBZdwEa9Gx1', 'APP20240504ZA2RxM3', 'UNT20240505H2S5bTy', 5, '2023-03-05', '2024-12-17', NULL, 'paid', '2023-12-10 16:19:18'),
('SES20231210Uy1wLYU', 'FBZdwEa9Gx1', 'APP20240504ZA2RxM3', 'UNT20240505H2S5bTy', 5, '2023-03-05', '2023-12-14', NULL, 'paid', '2023-12-10 16:19:18'),
('SES20231221D9jxoFm', '0VK7FPymEhq', 'APP20240504TnEX3sj', 'UNT20240507lZEpVne', 5, '2023-03-05', '2023-12-27', NULL, 'paid', '2023-12-21 14:49:44'),
('SES20231221hRwHnIc', '0VK7FPymEhq', 'APP20240504TnEX3sj', 'UNT20240507lZEpVne', 5, '2023-03-05', '2023-12-27', NULL, '', '2023-12-21 14:44:32'),
('SES20240111jMVFBli', '', 'APP20240506hExZ3OM', 'UNT20240506E7z0prW', 5, '2023-03-05', '2024-01-17', NULL, '', '2024-01-11 12:54:25'),
('SES20240120hg8ni9r', '0VK7FPymEhq', 'APP20240506hExZ3OM', 'UNT20240506E7z0prW', 5, '2023-03-05', '2024-01-26', NULL, '', '2024-01-20 16:26:41'),
('SES20240123ye7Sut4', 'FBZdwEa9Gx1', 'APP20240504ZA2RxM3', 'UNT20240505H2S5bTy', 5, '2023-03-05', '2024-01-27', NULL, 'paid', '2024-01-23 09:40:04'),
('SES202401240e5CrqA', 'OsA5miKC0F9', 'APP20240504TnEX3sj', 'UNT20240507lZEpVne', 5, '2023-03-05', '2024-01-30', NULL, '', '2024-01-24 18:20:15'),
('SES20240124SUzx65w', 'USR202401249iL2MFx', 'APP20240504ZA2RxM3', 'UNT20240505H2S5bTy', 5, '2023-03-05', '2024-01-30', NULL, '', '2024-01-24 13:00:17'),
('SES20240124wdm2YRi', '', 'APP20240504TnEX3sj', 'UNT20240507lZEpVne', 5, '2023-03-05', '2024-01-30', NULL, '', '2024-01-24 18:19:22'),
('SES202401268ExuTKb', 'FBZdwEa9Gx1', 'APP20240504ZA2RxM3', 'UNT20240505H2S5bTy', 5, '2023-03-05', '2024-02-01', NULL, 'paid', '2024-01-26 15:34:51'),
('SES20240126f8bRry0', 'FBZdwEa9Gx1', 'APP20240504ZA2RxM3', 'UNT20240505H2S5bTy', 5, '2023-03-05', '2024-02-01', NULL, 'paid', '2024-01-26 12:24:54'),
('SES20240126HGXc3AC', 'FBZdwEa9Gx1', 'APP20240504ZA2RxM3', 'UNT20240505H2S5bTy', 5, '2023-03-05', '2024-02-01', NULL, 'paid', '2024-01-26 12:22:10'),
('SES20240126jKC2QLt', 'FBZdwEa9Gx1', 'APP20240504ZA2RxM3', 'UNT20240505H2S5bTy', 5, '2023-03-05', '2024-02-01', NULL, 'paid', '2024-01-26 12:13:21'),
('SES20240126SUMLw1W', 'FBZdwEa9Gx1', 'APP20240504ZA2RxM3', 'UNT20240505H2S5bTy', 5, '2023-03-05', '2024-02-01', NULL, 'paid', '2024-01-26 15:43:33'),
('SES20240130P2rpTD8', '', 'APP20240506hExZ3OM', 'UNT20240506E7z0prW', 5, '2023-03-05', '2024-02-05', NULL, '', '2024-01-30 14:12:08'),
('SES20240130qdZNoAl', '', 'APP20240504ZA2RxM3', 'UNT202405058pwxqYA', 5, '2023-03-05', '2024-02-05', NULL, '', '2024-01-30 22:40:47'),
('SES20240130sIXdhNi', '', 'APP20240506hExZ3OM', 'UNT20240506E7z0prW', 5, '2023-03-05', '2024-02-05', NULL, '', '2024-01-30 21:59:14'),
('SES20240211dTeiJc6', '', 'APP20240504ZA2RxM3', 'UNT20240505H2S5bTy', 5, '2023-03-05', '2024-02-16', NULL, '', '2024-02-11 12:29:20'),
('SES202402179shBxez', '', 'APP20240504TnEX3sj', 'UNT20240507lZEpVne', 5, '2023-03-05', '2024-02-23', NULL, '', '2024-02-17 09:34:02'),
('SES20240217fA57Jt3', '0VK7FPymEhq', 'APP20240504TnEX3sj', 'UNT20240507lZEpVne', 5, '2023-03-05', '2024-02-23', NULL, 'paid', '2024-02-17 09:36:32'),
('SES20240217m39OSBA', '0VK7FPymEhq', 'APP20240504TnEX3sj', 'UNT20240507lZEpVne', 5, '2023-03-05', '2024-02-23', NULL, '', '2024-02-17 04:40:42'),
('SES20240217qmy4gAN', '0VK7FPymEhq', 'APP20240504ZA2RxM3', 'UNT202405058pwxqYA', 5, '2023-03-05', '2024-02-22', NULL, '', '2024-02-17 02:54:28'),
('SES20240218hE0C1QG', 'FBZdwEa9Gx1', 'APP20240504ZA2RxM3', 'UNT20240505H2S5bTy', 5, '2023-03-05', '2024-02-24', NULL, 'paid', '2024-02-18 08:08:14'),
('SES20240219FaIbjkQ', '', 'APP20240504TnEX3sj', 'UNT20240507lZEpVne', 5, '2023-03-05', '2024-02-25', NULL, '', '2024-02-19 10:11:40'),
('SES20240224bMnzEF7', 'FBZdwEa9Gx1', 'APP20240504ZA2RxM3', 'UNT20240505H2S5bTy', 5, '2023-03-05', '2024-03-01', NULL, 'paid', '2024-02-24 09:59:34'),
('SES20240224JjmGv0d', '', 'APP20240504TnEX3sj', 'UNT20240507lZEpVne', 5, '2023-03-05', '2024-03-01', NULL, '', '2024-02-24 09:32:46'),
('SES20240224mrpUvPz', 'FBZdwEa9Gx1', 'APP20240504ZA2RxM3', 'UNT20240505H2S5bTy', 5, '2023-03-05', '2024-03-01', NULL, '', '2024-02-24 09:59:33'),
('SES20240308dl2bJ0Q', 'USR20240308DrmP83M', 'APP20240504ZA2RxM3', 'UNT20240505H2S5bTy', 5, '2023-03-05', '2024-03-14', NULL, 'paid', '2024-03-08 14:11:16'),
('SES20240308EOe41lc', 'USR20240308DrmP83M', 'APP20240504ZA2RxM3', 'UNT20240505H2S5bTy', 5, '2023-03-05', '2024-03-14', NULL, 'paid', '2024-03-08 12:55:24'),
('SES20240308hXerBvG', '', 'APP20240504ZA2RxM3', 'UNT20240505H2S5bTy', 5, '2023-03-05', '2024-03-14', NULL, '', '2024-03-08 13:58:44'),
('SES20240308ZvDEdkK', 'USR20240308DrmP83M', 'APP20240504ZA2RxM3', 'UNT20240505H2S5bTy', 5, '2023-03-05', '2024-03-14', NULL, '', '2024-03-08 14:01:17'),
('SES20240312eZACbig', '', 'APP20240504TnEX3sj', 'UNT20240507lZEpVne', 5, '2023-03-05', '2024-03-18', NULL, '', '2024-03-12 13:28:21'),
('SES20240312l8BI40E', '0VK7FPymEhq', 'APP20240504TnEX3sj', 'UNT20240507lZEpVne', 5, '2023-03-05', '2024-03-18', NULL, '', '2024-03-12 12:32:42'),
('SES20240312qZ59x2p', 'USR20240312cCOZx9i', 'APP20240504TnEX3sj', 'UNT20240507lZEpVne', 5, '2023-03-05', '2024-03-18', NULL, 'paid', '2024-03-12 13:32:33'),
('SES20240313dMplgLh', 'FBZdwEa9Gx1', 'APP20240504ZA2RxM3', 'UNT20240505H2S5bTy', 5, '2023-03-05', '2024-03-19', NULL, '', '2024-03-13 08:09:27'),
('SES20240313wgz5tAQ', 'FBZdwEa9Gx1', 'APP20240504ZA2RxM3', 'UNT20240505H2S5bTy', 5, '2023-03-05', '2024-03-19', NULL, 'paid', '2024-03-13 12:03:02'),
('SES20240318Pt01Wfl', 'USR20240318JTHl7pP', 'APP20240504ZA2RxM3', 'UNT20240505H2S5bTy', 5, '2023-03-05', '2024-03-24', NULL, '', '2024-03-18 12:25:01'),
('SES202404229ObQnos', 'USR20240312cCOZx9i', 'APP20240504ZA2RxM3', 'UNT20240505H2S5bTy', 5, '2023-03-05', '2024-04-27', NULL, '', '2024-04-22 10:14:37'),
('SES20240423j3qeMCg', '', 'APP20240504ZA2RxM3', 'UNT20240505H2S5bTy', 5, '2023-03-05', '2024-04-29', NULL, '', '2024-04-23 13:55:15'),
('SES20240427wDjfFeg', '', 'APP20240504ZA2RxM3', 'UNT202405058pwxqYA', 5, '2023-03-05', '2024-05-02', NULL, '', '2024-04-27 16:39:37'),
('SES20240501oNgmpXH', '', 'APP20240504ZA2RxM3', 'UNT20240505H2S5bTy', 5, '2023-03-05', '2024-05-07', NULL, '', '2024-05-01 12:36:49'),
('sHmqtzxhnQp', '0VK7FPymEhq', 'APP20240503h7o1wxG', 'UNT20240507K4Lfs8n', 5, '2023-03-05', '2023-01-11', NULL, 'paid', '2023-02-06 02:41:54'),
('SMAlFODQCGd', 'tTwWseR4VdA', 'APP20240506hExZ3OM', 'UNT20240506E7z0prW', 5, '2023-03-05', '2023-02-08', NULL, '', '2023-02-08 10:33:31'),
('SXjrMg13IJQ', 'cqbtO30oygT', 'APP20240504ZA2RxM3', 'UNT202405058pwxqYA', 5, '2023-03-05', '2023-01-11', NULL, '', '2023-01-26 03:13:00'),
('sxQXLpieYBl', 'cqbtO30oygT', 'APP202405068PM1kDu', 'UNT20240506ZNyOuni', 5, '2023-03-05', '2023-04-14', NULL, '', '2023-04-08 17:44:22'),
('ty4bidnuaG3', '6uY1N4c9VEl', 'APP20240503h7o1wxG', 'UNT20240507K4Lfs8n', 5, '2023-03-05', '2023-02-27', NULL, '', '2023-02-27 12:15:00'),
('vBnpFQw0aEq', '0VK7FPymEhq', 'APP20240504TnEX3sj', 'UNT20240507lZEpVne', 5, '2023-03-05', '2023-05-06', NULL, '', '2023-05-05 22:50:39'),
('vmYiad6NsIR', 'J51oy6lguEe', 'APP20240504ZA2RxM3', 'UNT202405058pwxqYA', 5, '2023-03-05', '2022-12-05', NULL, '', '2022-12-23 11:31:29'),
('whQfa3MLdAg', 'haoG90S1fpe', 'VqozWcjRlOZ', 'UNT20240507lZEpVne', 5, '2023-03-05', '2023-02-10', NULL, '', '2023-02-10 05:16:09'),
('YDu0l7OrtMs', 'cqbtO30oygT', 'APP202405068PM1kDu', 'UNT20240506ZNyOuni', 5, '2023-03-05', '2023-04-15', NULL, '', '2023-04-08 17:24:58'),
('YtWvzkX3Px5', '0CGnJZv9zBA', 'APP20240504ZA2RxM3', 'UNT20240505H2S5bTy', 5, '2023-03-05', '2023-03-15', NULL, '', '2023-03-15 12:25:11'),
('YujP9UiIAZs', 'cqbtO30oygT', 'APP202405068PM1kDu', 'UNT20240506ZNyOuni', 5, '2023-03-05', '2023-04-12', NULL, '', '2023-04-10 14:34:13'),
('zHGo0VuLMg7', '0VK7FPymEhq', 'APP20240504TnEX3sj', 'UNT20240507lZEpVne', 5, '2023-03-05', '2023-05-08', NULL, '', '2023-05-03 14:22:43'),
('zkT4xyNmDIK', 'q9cS2voZRNs', 'APP202405068PM1kDu', 'UNT202405064kD62PW', 5, '2023-03-05', '2022-12-30', NULL, '', '2022-12-24 02:14:58'),
('ZyvAngGcu1S', 'haoG90S1fpe', 'APP20240504ZA2RxM3', 'UNT202405058pwxqYA', 5, '2023-03-05', '2023-01-25', NULL, '', '2023-01-25 05:05:53'),
('ZyYQMj7GT63', '6uY1N4c9VEl', 'APP20240503h7o1wxG', 'UNT20240507K4Lfs8n', 5, '2023-03-05', '2023-02-27', NULL, '', '2023-02-27 12:18:12');

-- --------------------------------------------------------

--
-- Table structure for table `bookings`
--

CREATE TABLE `bookings` (
  `booking_id` int(11) NOT NULL,
  `user_name` varchar(255) NOT NULL,
  `user_email` varchar(255) NOT NULL,
  `user_phone` varchar(255) NOT NULL,
  `amount` float(10,2) NOT NULL,
  `payment_status` varchar(255) NOT NULL DEFAULT 'not_paid',
  `reference` varchar(255) NOT NULL,
  `redirect_url` varchar(255) NOT NULL,
  `booking_date_created` datetime NOT NULL DEFAULT current_timestamp()
) ENGINE=InnoDB DEFAULT CHARSET=latin1 COLLATE=latin1_swedish_ci;

--
-- Dumping data for table `bookings`
--

INSERT INTO `bookings` (`booking_id`, `user_name`, `user_email`, `user_phone`, `amount`, `payment_status`, `reference`, `redirect_url`, `booking_date_created`) VALUES
(249, 'Patrick', 'pmanyara97@gmail.com', '0745858891', 500.00, 'not_paid', '37d542c327c4', '', '2024-09-15 16:24:58');

-- --------------------------------------------------------

--
-- Table structure for table `book_visit`
--

CREATE TABLE `book_visit` (
  `book_visit_id` varchar(255) NOT NULL
) ENGINE=InnoDB DEFAULT CHARSET=utf8mb4 COLLATE=utf8mb4_general_ci;

-- --------------------------------------------------------

--
-- Table structure for table `callback`
--

CREATE TABLE `callback` (
  `callback_id` varchar(255) NOT NULL,
  `callback_key` varchar(30) NOT NULL,
  `property_id` varchar(255) DEFAULT NULL,
  `client_id` varchar(255) NOT NULL,
  `callback_called` enum('yes','no') NOT NULL DEFAULT 'no',
  `callback_date_created` datetime NOT NULL DEFAULT current_timestamp()
) ENGINE=InnoDB DEFAULT CHARSET=latin1 COLLATE=latin1_swedish_ci;

-- --------------------------------------------------------

--
-- Table structure for table `check_in_image`
--

CREATE TABLE `check_in_image` (
  `check_in_image_id` varchar(255) NOT NULL,
  `rentee_id` varchar(255) NOT NULL,
  `check_in_image_1` varchar(255) DEFAULT NULL,
  `check_in_image_2` varchar(255) DEFAULT NULL,
  `check_in_image_3` varchar(255) DEFAULT NULL,
  `check_in_image_4` varchar(255) DEFAULT NULL,
  `check_in_image_5` varchar(255) DEFAULT NULL,
  `check_in_image_6` varchar(255) DEFAULT NULL,
  `check_in_image_7` varchar(255) DEFAULT NULL,
  `check_in_image_8` varchar(255) DEFAULT NULL,
  `check_in_image_9` varchar(255) DEFAULT NULL,
  `check_in_image_10` varchar(255) DEFAULT NULL,
  `check_in_image_date_created` datetime NOT NULL DEFAULT current_timestamp()
) ENGINE=InnoDB DEFAULT CHARSET=latin1 COLLATE=latin1_swedish_ci;

-- --------------------------------------------------------

--
-- Table structure for table `currency`
--

CREATE TABLE `currency` (
  `currency_id` int(11) NOT NULL,
  `currency_symbol` varchar(20) NOT NULL
) ENGINE=InnoDB DEFAULT CHARSET=utf8mb4 COLLATE=utf8mb4_general_ci;

-- --------------------------------------------------------

--
-- Table structure for table `electrical`
--

CREATE TABLE `electrical` (
  `electrical_id` varchar(255) NOT NULL,
  `electrical_name` varchar(255) NOT NULL,
  `electrical_email` varchar(255) NOT NULL,
  `electrical_phone` varchar(255) DEFAULT NULL,
  `electrical_password` varchar(255) NOT NULL,
  `electrical_dob` date DEFAULT NULL,
  `property_id` text DEFAULT NULL,
  `electrical_image` varchar(255) DEFAULT NULL,
  `electrical_passport` varchar(255) DEFAULT NULL,
  `electrical_kra` varchar(255) DEFAULT NULL,
  `kin_name` varchar(255) DEFAULT NULL,
  `kin_phone` varchar(255) DEFAULT NULL,
  `electrical_status` enum('active','inactive') NOT NULL DEFAULT 'active',
  `role` enum('senior','junior','','') NOT NULL,
  `electrical_date_created` datetime NOT NULL DEFAULT current_timestamp()
) ENGINE=InnoDB DEFAULT CHARSET=latin1 COLLATE=latin1_swedish_ci;

--
-- Dumping data for table `electrical`
--

INSERT INTO `electrical` (`electrical_id`, `electrical_name`, `electrical_email`, `electrical_phone`, `electrical_password`, `electrical_dob`, `property_id`, `electrical_image`, `electrical_passport`, `electrical_kra`, `kin_name`, `kin_phone`, `electrical_status`, `role`, `electrical_date_created`) VALUES
('bGiDZWI', 'meshack', 'meshackyegon09@gmail.com', '254722617737', '$2y$11$2qTrRwBV5Wo8H2sJCHaZquglY6zKg30jmGPxB/MNB3pftCNBI5cIG', '2000-09-12', NULL, 'HealthImage20250222at050206pm947km02j.png', '2345678909', 'A123456789b', 'Mercy Lerionka', '254724218863', 'inactive', 'senior', '2025-02-22 15:08:49');

-- --------------------------------------------------------

--
-- Table structure for table `expense`
--

CREATE TABLE `expense` (
  `expense_id` varchar(255) NOT NULL,
  `expense_category_id` int(11) NOT NULL,
  `expense_name` varchar(255) NOT NULL,
  `expense_note` varchar(255) DEFAULT NULL,
  `expense_amount` varchar(255) NOT NULL,
  `expense_date` varchar(255) NOT NULL,
  `expense_time` varchar(255) NOT NULL,
  `expense_date_created` timestamp NOT NULL DEFAULT current_timestamp()
) ENGINE=MyISAM DEFAULT CHARSET=latin1 COLLATE=latin1_swedish_ci;

--
-- Dumping data for table `expense`
--

INSERT INTO `expense` (`expense_id`, `expense_category_id`, `expense_name`, `expense_note`, `expense_amount`, `expense_date`, `expense_time`, `expense_date_created`) VALUES
('INV20230228j8tz0kL', 0, 'office  cleaning', '', '100', '2023-02-28', '09:04', '2023-02-28 14:04:23');

-- --------------------------------------------------------

--
-- Table structure for table `expense_category`
--

CREATE TABLE `expense_category` (
  `expense_category_id` varchar(255) NOT NULL,
  `expense_category_name` varchar(255) NOT NULL,
  `expense_category_date_created` datetime NOT NULL DEFAULT current_timestamp()
) ENGINE=MyISAM DEFAULT CHARSET=latin1 COLLATE=latin1_swedish_ci;

--
-- Dumping data for table `expense_category`
--

INSERT INTO `expense_category` (`expense_category_id`, `expense_category_name`, `expense_category_date_created`) VALUES
('INV20230228lD5ZJof', 'stationary', '2023-02-28 16:54:26'),
('INV20230228YuwdKcp', 'sanitation', '2023-02-28 17:03:15');

-- --------------------------------------------------------

--
-- Table structure for table `featured_property`
--

CREATE TABLE `featured_property` (
  `featured_property_id` varchar(255) NOT NULL,
  `property_id` varchar(255) NOT NULL,
  `featured_property_date_created` datetime NOT NULL DEFAULT current_timestamp()
) ENGINE=InnoDB DEFAULT CHARSET=latin1 COLLATE=latin1_swedish_ci;

--
-- Dumping data for table `featured_property`
--

INSERT INTO `featured_property` (`featured_property_id`, `property_id`, `featured_property_date_created`) VALUES
('PRP2023022340o7SaL', 'APP20230223JskLaFZ', '2023-02-23 18:19:34'),
('PRP20230223JIC6eWA', 'APP20230222mEdaHRp', '2023-02-23 18:19:26'),
('PRP20230223xue1Gr5', 'APP202302239JUodkC', '2023-02-23 18:19:15');

-- --------------------------------------------------------

--
-- Table structure for table `features`
--

CREATE TABLE `features` (
  `features_id` varchar(255) NOT NULL,
  `property_id` varchar(255) NOT NULL,
  `amenities_id` varchar(255) NOT NULL,
  `features_date_created` datetime NOT NULL DEFAULT current_timestamp()
) ENGINE=InnoDB DEFAULT CHARSET=latin1 COLLATE=latin1_swedish_ci;

--
-- Dumping data for table `features`
--

INSERT INTO `features` (`features_id`, `property_id`, `amenities_id`, `features_date_created`) VALUES
('FTS2024050416zKr9J', 'APP20240504stlzAxX', 'AME20230223vt34T5g', '2024-05-04 14:21:18'),
('FTS2024050420ASYTM', 'APP20240504C58KIUk', 'AME20230223Hu1Gs2y', '2024-05-04 11:34:33'),
('FTS202405047VbrZIN', 'APP20240504stlzAxX', 'AME20230117Jv9DX28', '2024-05-04 14:21:18'),
('FTS202405049Qc12tA', 'APP20240504stlzAxX', 'AME20230222xBmOyaH', '2024-05-04 14:21:18'),
('FTS202405049rWhcwR', 'APP20240504stlzAxX', 'AME20230223Hu1Gs2y', '2024-05-04 14:21:18'),
('FTS20240504cMyKehd', 'APP20240504C58KIUk', 'AME202302237PMD1LG', '2024-05-04 11:34:33'),
('FTS20240504dBt1QKJ', 'APP20240504stlzAxX', 'AME20230113zY7Mngb', '2024-05-04 14:21:18'),
('FTS20240504dqj5YzX', 'APP20240504C58KIUk', 'AME20230223vt34T5g', '2024-05-04 11:34:33'),
('FTS20240504euJ1Inf', 'APP20240504C58KIUk', 'AME20230222xBmOyaH', '2024-05-04 11:34:33'),
('FTS20240504FCmyR85', 'APP20240504C58KIUk', 'AME20230223OoTZeUb', '2024-05-04 11:34:33'),
('FTS20240504gx2Ocyq', 'APP20240504C58KIUk', 'AME202301138Vgkbev', '2024-05-04 11:34:33'),
('FTS20240504iKApC8N', 'APP20240504C58KIUk', 'AME20230117ktDSPo5', '2024-05-04 11:34:33'),
('FTS20240504iS7dxNW', 'APP20240504C58KIUk', 'AME20230113zY7Mngb', '2024-05-04 11:34:33'),
('FTS20240504jQwLZSn', 'APP20240504C58KIUk', 'AME20230228E96epnb', '2024-05-04 11:34:33'),
('FTS20240504TfS4XYd', 'APP20240504stlzAxX', 'AME20230117ktDSPo5', '2024-05-04 14:21:18'),
('FTS20240504woIZCaW', 'APP20240504C58KIUk', 'AME20230117Jv9DX28', '2024-05-04 11:34:33'),
('FTS202405050qHwVD6', 'APP20240504ZA2RxM3', 'AME20230223WTIf8A1', '2024-05-05 14:04:13'),
('FTS2024050595zEjh1', 'APP20240504ZA2RxM3', 'AME20230117Jv9DX28', '2024-05-05 14:04:13'),
('FTS20240505bGl9w0h', 'APP20240504ZA2RxM3', 'AME20230223Hu1Gs2y', '2024-05-05 14:04:13'),
('FTS20240505DxlbnAp', 'APP20240504ZA2RxM3', 'AME20230113FxLGfV6', '2024-05-05 14:04:13'),
('FTS20240505eaSwL5J', 'APP20240504ZA2RxM3', 'AME20230223iAFqE0S', '2024-05-05 14:04:13'),
('FTS20240505K5b8JxN', 'APP20240504ZA2RxM3', 'AME20230117ktDSPo5', '2024-05-05 14:04:13'),
('FTS20240505m13rnDA', 'APP20240504ZA2RxM3', 'AME20230223vt34T5g', '2024-05-05 14:04:13'),
('FTS20240505MoTidhx', 'APP20240504ZA2RxM3', 'AME20230222xBmOyaH', '2024-05-05 14:04:13'),
('FTS20240505ufH8D94', 'APP20240504ZA2RxM3', 'AME20230113NYh4aId', '2024-05-05 14:04:13'),
('FTS20240505unbfYM2', 'APP20240504ZA2RxM3', 'AME20230113zY7Mngb', '2024-05-05 14:04:13'),
('FTS20240505z1axAWi', 'APP20240504ZA2RxM3', 'AME20230113zpn1Sg5', '2024-05-05 14:04:13'),
('FTS20240505ziVLk0y', 'APP20240504ZA2RxM3', 'AME20230113bFMpZIm', '2024-05-05 14:04:13'),
('FTS202405060z9iSoB', 'APP20240506hExZ3OM', 'AME20230222xBmOyaH', '2024-05-06 18:47:53'),
('FTS20240506Bkw8fPg', 'APP20240506hExZ3OM', 'AME20230113FxLGfV6', '2024-05-06 18:47:53'),
('FTS20240506c0LgC7q', 'APP20240506hExZ3OM', 'AME20230223vt34T5g', '2024-05-06 18:47:53'),
('FTS20240506eHKlANV', 'APP20240506hExZ3OM', 'AME202301138Vgkbev', '2024-05-06 18:47:53'),
('FTS20240506FVLBhgM', 'APP20240506hExZ3OM', 'AME20230117Jv9DX28', '2024-05-06 18:47:53'),
('FTS20240506Jl54G6L', 'APP20240506hExZ3OM', 'AME20230113bFMpZIm', '2024-05-06 18:47:53'),
('FTS20240506mMUfcV9', 'APP20240506hExZ3OM', 'AME20230223iAFqE0S', '2024-05-06 18:47:53'),
('FTS20240506NC8fA5u', 'APP20240506hExZ3OM', 'AME20230223OoTZeUb', '2024-05-06 18:47:53'),
('FTS20240506UiLrXId', 'APP20240506hExZ3OM', 'AME20230113zY7Mngb', '2024-05-06 18:47:53'),
('FTS20240506x19yG3Z', 'APP20240506hExZ3OM', 'AME20230228E96epnb', '2024-05-06 18:47:53'),
('FTS20240513bpfjedJ', 'APP202405068PM1kDu', 'AME20230228E96epnb', '2024-05-13 16:10:27'),
('FTS20240513DMf0KaW', 'APP202405068PM1kDu', 'AME202302237PMD1LG', '2024-05-13 16:10:27'),
('FTS20240513I1xVYGm', 'APP202405068PM1kDu', 'AME20230223OoTZeUb', '2024-05-13 16:10:27'),
('FTS20240513jPnTYes', 'APP202405068PM1kDu', 'AME20230223Hu1Gs2y', '2024-05-13 16:10:27'),
('FTS20240513RDoUk9T', 'APP202405068PM1kDu', 'AME20230223vt34T5g', '2024-05-13 16:10:27'),
('FTS20240513wdcSmQt', 'APP202405068PM1kDu', 'AME20230223iAFqE0S', '2024-05-13 16:10:27'),
('FTS202405142xRpHzE', 'APP20240504TnEX3sj', 'AME20230223iAFqE0S', '2024-05-14 10:06:43'),
('FTS202405144J1j6SY', 'APP20240504TnEX3sj', 'AME20230117ktDSPo5', '2024-05-14 10:06:43'),
('FTS202405148Mf9bq7', 'APP20240504TnEX3sj', 'AME20230223vt34T5g', '2024-05-14 10:06:43'),
('FTS20240514aO4vtQD', 'APP20240504TnEX3sj', 'AME20230222xBmOyaH', '2024-05-14 10:06:43'),
('FTS20240514C3Ifkqt', 'APP20240504TnEX3sj', 'AME20230113NYh4aId', '2024-05-14 10:06:43'),
('FTS20240514c3M12sh', 'APP20240504TnEX3sj', 'AME202301138Vgkbev', '2024-05-14 10:06:43'),
('FTS20240514c6ChG2z', 'APP20240504TnEX3sj', 'AME20230223WTIf8A1', '2024-05-14 10:06:43'),
('FTS20240514cLd985R', 'APP20240504TnEX3sj', 'AME202301133XgsMBl', '2024-05-14 10:06:43'),
('FTS20240514DEXJiZ4', 'APP20240504TnEX3sj', 'AME202302237PMD1LG', '2024-05-14 10:06:43'),
('FTS20240514eHa2VFO', 'APP20240504TnEX3sj', 'AME20230113zpn1Sg5', '2024-05-14 10:06:43'),
('FTS20240514H92AE7L', 'APP20240504TnEX3sj', 'AME20230113FxLGfV6', '2024-05-14 10:06:43'),
('FTS20240514Iv9jH3g', 'APP20240504TnEX3sj', 'AME20230113pidlXTK', '2024-05-14 10:06:43'),
('FTS20240514sj5Fioz', 'APP20240504TnEX3sj', 'AME20230117Jv9DX28', '2024-05-14 10:06:43'),
('FTS20240514v90XTZ5', 'APP20240504TnEX3sj', 'AME20230113bFMpZIm', '2024-05-14 10:06:43'),
('FTS20240514WtqdKPS', 'APP20240504TnEX3sj', 'AME20230223Hu1Gs2y', '2024-05-14 10:06:43');

-- --------------------------------------------------------

--
-- Table structure for table `guard`
--

CREATE TABLE `guard` (
  `guard_id` varchar(255) NOT NULL,
  `guard_name` varchar(255) NOT NULL,
  `guard_email` varchar(255) NOT NULL,
  `guard_address` varchar(255) NOT NULL,
  `guard_phone` varchar(255) NOT NULL,
  `guard_nid` varchar(255) NOT NULL,
  `property_id` varchar(255) DEFAULT NULL,
  `guard_date_created` datetime NOT NULL DEFAULT current_timestamp()
) ENGINE=InnoDB DEFAULT CHARSET=latin1 COLLATE=latin1_swedish_ci;

-- --------------------------------------------------------

--
-- Table structure for table `inquiry`
--

CREATE TABLE `inquiry` (
  `inquiry_id` varchar(255) NOT NULL,
  `inquiry_name` varchar(255) NOT NULL,
  `inquiry_email` varchar(255) NOT NULL,
  `inquiry_phone` varchar(255) DEFAULT NULL,
  `inquiry_message` text NOT NULL,
  `inquiry_date_created` datetime NOT NULL DEFAULT current_timestamp()
) ENGINE=InnoDB DEFAULT CHARSET=latin1 COLLATE=latin1_swedish_ci;

--
-- Dumping data for table `inquiry`
--

INSERT INTO `inquiry` (`inquiry_id`, `inquiry_name`, `inquiry_email`, `inquiry_phone`, `inquiry_message`, `inquiry_date_created`) VALUES
('INQ20230224CFR8YeK', 'Erick', 'lewizy2017@gmail.com', '0715816405', 'test', '2023-02-24 11:47:44'),
('INQ20230224FW1GiRy', 'Thetu', 'lewizy2017@gmail.com', '0715816405', 'test', '2023-02-24 08:24:30'),
('INQ202305010783kBA', '', '', NULL, '', '2023-05-01 05:21:14'),
('INQ202305015SsOe8H', '', '', NULL, '', '2023-05-01 00:37:12');

-- --------------------------------------------------------

--
-- Table structure for table `invoice`
--

CREATE TABLE `invoice` (
  `invoice_id` varchar(255) NOT NULL,
  `property_id` varchar(255) DEFAULT NULL,
  `employee_id` varchar(255) DEFAULT NULL,
  `invoice_total_price` int(11) NOT NULL,
  `invoice_key` varchar(255) NOT NULL,
  `invoice_date_created` datetime NOT NULL DEFAULT current_timestamp()
) ENGINE=InnoDB DEFAULT CHARSET=latin1 COLLATE=latin1_swedish_ci;

-- --------------------------------------------------------

--
-- Table structure for table `invoice_item`
--

CREATE TABLE `invoice_item` (
  `invoice_item_id` varchar(255) NOT NULL,
  `invoice_id` varchar(255) NOT NULL,
  `invoice_item_name` varchar(255) NOT NULL,
  `invoice_item_description` text DEFAULT NULL,
  `invoice_item_quantity` int(11) DEFAULT NULL,
  `invoice_item_price` int(11) NOT NULL,
  `invoice_item_date_created` datetime NOT NULL DEFAULT current_timestamp()
) ENGINE=InnoDB DEFAULT CHARSET=latin1 COLLATE=latin1_swedish_ci;

-- --------------------------------------------------------

--
-- Table structure for table `landlord`
--

CREATE TABLE `landlord` (
  `landlord_id` varchar(255) NOT NULL,
  `landlord_name` varchar(255) NOT NULL,
  `landlord_email` varchar(255) NOT NULL,
  `landlord_phone` varchar(255) DEFAULT NULL,
  `landlord_password` varchar(255) NOT NULL,
  `property_id` text DEFAULT NULL,
  `landlord_image` varchar(255) DEFAULT NULL,
  `landlord_passport` varchar(255) DEFAULT NULL,
  `landlord_kra` varchar(255) DEFAULT NULL,
  `kin_name` varchar(255) DEFAULT NULL,
  `kin_phone` varchar(255) DEFAULT NULL,
  `bank_name` varchar(255) DEFAULT 'KCB',
  `bank_account` varchar(255) DEFAULT 'KCB',
  `bank_amount` float(10,2) DEFAULT 10.00,
  `bank_date` int(11) DEFAULT 6,
  `landlord_commission` float(10,2) DEFAULT NULL,
  `landlord_status` enum('active','inactive') NOT NULL DEFAULT 'active',
  `landlord_date_created` datetime NOT NULL DEFAULT current_timestamp()
) ENGINE=InnoDB DEFAULT CHARSET=latin1 COLLATE=latin1_swedish_ci;

--
-- Dumping data for table `landlord`
--

INSERT INTO `landlord` (`landlord_id`, `landlord_name`, `landlord_email`, `landlord_phone`, `landlord_password`, `property_id`, `landlord_image`, `landlord_passport`, `landlord_kra`, `kin_name`, `kin_phone`, `bank_name`, `bank_account`, `bank_amount`, `bank_date`, `landlord_commission`, `landlord_status`, `landlord_date_created`) VALUES
('c9k4pld', 'Test', 'debzziiie@gmail.com', '0112964216', '$2y$11$dR2W9nZZNMopmnd.5ygnL.rKSdTy2X0RduxJPEoCZRv2of2IHxebe', 'APP20240515UyTZeni', NULL, '23456789', 'sedft123', 'test', '079047900', 'ABSA', '12345', 30000.00, 5, 40.00, 'inactive', '2024-05-15 11:07:02'),
('hZCklWu', 'Esther Ngoni', 'fahanngoni@gmail.com', '0791946468', '$2y$11$36/n4PI.cb1ys17dDNEaLOCB3byslgfwJu7FXNp.o03IRIkHadNee', 'APP20240504TnEX3sj', 'PsychImage20240513at070126pmfec5qs9g.jpg', '234', '1234567', 'Winnie Kandie', '07123454545', 'KCB', 'A1A1', 3000.00, 6, 10.00, 'inactive', '2024-05-09 16:22:41'),
('L1A0dko', 'Michael Selunani', 'michael1998march@gmail.com', '123568', '$2y$11$dK7oUS6n/fETa9IPyxi1NeuSlSBf09GLgkFFWOdvKUj84oGAi2mb.', 'APP202405068PM1kDu', NULL, '234432', 'A011234567', 'Winnie Kandie', '07123454545', 'KCB', 'A1A1', 50000.00, 4, NULL, 'active', '2024-05-08 12:11:58'),
('LAN20230228JNo0abc', 'Edwin Khiranga', 'edwin@test.com', '0123456789', '$2y$11$NHJnqtVe6MVcEPv90Cahku0cuor/eJA6BdaUnT4.QUPo6SynpcCFy', 'APP20240503h7o1wxG,APP20240504ZA2RxM3', '1694663932638.jpg', '23456789', 'A024324324', 'Peter Ndungu', '07123454545', 'ABSA', '454RDGA', 30000.00, 16, NULL, 'active', '2023-03-13 11:18:42'),
('LAN20240805n27apFh', 'Edwin Mwendi', 'nmwendi@gmail.com', '0720647557', '$2y$11$OEaE7QpbLFXTpW3QGITTluv5MeBRwhVld6OGzcvs353CV9vorJXNu', NULL, NULL, '228545419', 'a003151280b', 'Mwe', '0720647557', 'KCB', '12345678912', 10000.00, 5, 70.00, 'inactive', '2024-08-05 15:22:41'),
('LAN20250219hMGHPla', 'Meshack Landlord', 'meshackyegon10@gmail.com', '0722617737', '$2y$11$EXEDjeU5VdSNqmVwPzUQXeWqV9hms244yqcrO6ozwDwqlvuCIsbvK', NULL, NULL, '38586125', 'A012768146B', 'Mercy', '0722805979', 'Equity', '0280196256747', 20000.00, 5, 12.00, 'active', '2025-02-19 10:50:45'),
('Rxgq2Fl', 'Project Pat', 'pmanyara97@gmail.com', '0745858891', '$2y$11$8ZEmYoV8TN3FO9uAYXg0TuvOut.ih2c1PXSHiuHOFEtsHYG1LFS0e', 'APP20240506hExZ3OM', NULL, '1234', '1234', 'Dan', '0745858891', 'ABSA', 'ABSA', 10000.00, 2, 12.00, 'active', '2024-05-26 19:11:54');

-- --------------------------------------------------------

--
-- Table structure for table `mechanical`
--

CREATE TABLE `mechanical` (
  `mechanical_id` varchar(255) NOT NULL,
  `mechanical_name` varchar(255) NOT NULL,
  `mechanical_email` varchar(255) NOT NULL,
  `mechanical_phone` varchar(255) DEFAULT NULL,
  `mechanical_password` varchar(255) NOT NULL,
  `mechanical_dob` date DEFAULT NULL,
  `property_id` text DEFAULT NULL,
  `mechanical_image` varchar(255) DEFAULT NULL,
  `mechanical_passport` varchar(255) DEFAULT NULL,
  `mechanical_kra` varchar(255) DEFAULT NULL,
  `kin_name` varchar(255) DEFAULT NULL,
  `kin_phone` varchar(255) DEFAULT NULL,
  `mechanical_status` enum('active','inactive') NOT NULL DEFAULT 'active',
  `role` enum('junior','senior','','') NOT NULL,
  `mechanical_date_created` datetime NOT NULL DEFAULT current_timestamp()
) ENGINE=InnoDB DEFAULT CHARSET=utf8mb4 COLLATE=utf8mb4_general_ci;

--
-- Dumping data for table `mechanical`
--

INSERT INTO `mechanical` (`mechanical_id`, `mechanical_name`, `mechanical_email`, `mechanical_phone`, `mechanical_password`, `mechanical_dob`, `property_id`, `mechanical_image`, `mechanical_passport`, `mechanical_kra`, `kin_name`, `kin_phone`, `mechanical_status`, `role`, `mechanical_date_created`) VALUES
('NiForpQ', 'Meshack', 'meshackyegon09@gmail.com', '254722617737', '$2y$11$4JV49Jmf5izemhOKeyXUret0oDzH5KhMxvbN0LR38sMkV48ACKbaS', '2000-09-13', NULL, 'MentalImage20250222at085340pmbjdz4u6a.jpg', '234567898', 'A0987654321b', 'Mercy Lerionka', '254724218863', 'active', 'junior', '2025-02-22 15:11:19');

-- --------------------------------------------------------

--
-- Table structure for table `metadata`
--

CREATE TABLE `metadata` (
  `metadata_id` varchar(255) NOT NULL,
  `metadata_table` varchar(255) NOT NULL,
  `metadata_action` varchar(255) NOT NULL,
  `metadata_key` varchar(255) NOT NULL,
  `metadata_role` varchar(255) NOT NULL,
  `metadata_user` varchar(255) NOT NULL,
  `metadata_date_created` datetime NOT NULL DEFAULT current_timestamp()
) ENGINE=InnoDB DEFAULT CHARSET=utf8mb4 COLLATE=utf8mb4_unicode_ci;

--
-- Dumping data for table `metadata`
--

INSERT INTO `metadata` (`metadata_id`, `metadata_table`, `metadata_action`, `metadata_key`, `metadata_role`, `metadata_user`, `metadata_date_created`) VALUES
('META20240526Q6ylxbU', 'property', 'Activate Landlord', 'APP20240504TnEX3sj', 'Admin', 'ADM20230228JNo0abc', '2024-05-26 20:26:14'),
('META20240526vWB6Nok', 'property', 'Activate Landlord', 'APP20240504TnEX3sj', 'Admin', 'ADM20230228JNo0abc', '2024-05-26 20:26:11'),
('META20240527fOA3czv', 'Booking', 'Admit Tenant', 'FZXCSHj', 'Landlord', 'Rxgq2Fl', '2024-05-27 00:34:32'),
('META20240527MfRAjQW', 'Booking', 'Admit Tenant', 'FZXCSHj', 'Landlord', 'Rxgq2Fl', '2024-05-27 00:29:57'),
('META202502226JGSglZ', 'mechanical', 'Activate Landlord', 'NiForpQ', 'Admin', 'ADM20230228JNo0abc', '2025-02-22 23:11:50'),
('META20250222c5QWVzs', 'mechanical', 'Activate Landlord', 'NiForpQ', 'Admin', 'ADM20230228JNo0abc', '2025-02-22 23:11:55'),
('META20250222CmwdZNa', 'mechanical', 'Activate Landlord', 'NiForpQ', 'Admin', 'ADM20230228JNo0abc', '2025-02-22 23:11:43'),
('yNkBepJ', 'landlord', 'Activate Landlord', 'Rxgq2Fl', 'Admin', 'ADM20230228JNo0abc', '2024-05-26 19:49:39');

-- --------------------------------------------------------

--
-- Table structure for table `password_reset`
--

CREATE TABLE `password_reset` (
  `password_reset_id` varchar(255) NOT NULL,
  `password_reset_email` varchar(255) NOT NULL,
  `password_reset_selector` text NOT NULL,
  `password_reset_validator` text NOT NULL,
  `password_reset_token` longtext NOT NULL,
  `password_reset_expires` text NOT NULL,
  `password_reset_date_created` datetime NOT NULL DEFAULT current_timestamp()
) ENGINE=InnoDB DEFAULT CHARSET=utf8mb4 COLLATE=utf8mb4_unicode_ci;

-- --------------------------------------------------------

--
-- Table structure for table `password_token`
--

CREATE TABLE `password_token` (
  `password_token_id` varchar(255) NOT NULL,
  `password_token` varchar(255) NOT NULL,
  `user_key` varchar(255) NOT NULL,
  `password_token_date_created` datetime NOT NULL DEFAULT current_timestamp()
) ENGINE=InnoDB DEFAULT CHARSET=utf8mb4 COLLATE=utf8mb4_unicode_ci;

--
-- Dumping data for table `password_token`
--

INSERT INTO `password_token` (`password_token_id`, `password_token`, `user_key`, `password_token_date_created`) VALUES
('8ivZEeo', '9C438W4Y', 'USR20250222I123x4O', '2025-02-22 23:23:08');

-- --------------------------------------------------------

--
-- Table structure for table `payment`
--

CREATE TABLE `payment` (
  `payment_id` varchar(255) NOT NULL,
  `user_id` varchar(255) NOT NULL,
  `property_id` varchar(255) NOT NULL,
  `property_unit_id` varchar(255) DEFAULT NULL,
  `payment_paid` enum('paid','unpaid') NOT NULL DEFAULT 'paid',
  `payment_amount` float(10,2) DEFAULT NULL,
  `payment_date_created` datetime NOT NULL DEFAULT current_timestamp()
) ENGINE=InnoDB DEFAULT CHARSET=utf8mb4 COLLATE=utf8mb4_unicode_ci;

--
-- Dumping data for table `payment`
--

INSERT INTO `payment` (`payment_id`, `user_id`, `property_id`, `property_unit_id`, `payment_paid`, `payment_amount`, `payment_date_created`) VALUES
('0iH2BVUjXhp', 'OsA5miKC0F9', 'APP20240504ZA2RxM3', 'UNT202405058pwxqYA', 'paid', 10000.00, '2023-10-10 02:15:12'),
('0s1KvoWQJcj', 'cqbtO30oygT', 'APP202405068PM1kDu', 'UNT20240506ZNyOuni', 'paid', 10000.00, '2023-04-10 09:24:29'),
('1C3xrHiJQkT', 'cqbtO30oygT', 'APP202405068PM1kDu', 'UNT20240506ZNyOuni', 'paid', 10000.00, '2023-04-10 15:32:02'),
('4vGziprqAZc', 'OsA5miKC0F9', 'APP20240506hExZ3OM', 'UNT20240506E7z0prW', 'paid', 10000.00, '2023-04-08 12:49:07'),
('4XFj5qdOHwN', '6ZO1cSDIKJj', 'APP20240504TnEX3sj', 'UNT20240507oLJbFCM', 'paid', 10000.00, '2023-05-05 22:53:33'),
('5nQ132fdJMX', '0CGnJZv9zBA', 'APP20240503h7o1wxG', 'UNT20240507K4Lfs8n', 'paid', 10000.00, '2023-02-02 09:54:34'),
('6dzTWD0KnMA', 'cqbtO30oygT', 'APP20240504ZA2RxM3', 'UNT202405058pwxqYA', 'paid', 10000.00, '2023-01-11 23:30:05'),
('6grFHPsW3R7', 'FpGi0KEPf8Y', 'APP20240504TnEX3sj', 'UNT20240507oLJbFCM', 'paid', 10000.00, '2023-05-06 12:01:19'),
('7HgRBTw1ezO', '0jog3yIUCGA', 'APP20240506hExZ3OM', 'UNT20240506E7z0prW', 'paid', 10000.00, '2023-03-22 10:00:04'),
('8S45pucGTB7', '0VK7FPymEhq', 'APP20240503h7o1wxG', 'UNT20240507QiydL0q', 'paid', 10000.00, '2023-02-14 03:33:54'),
('97GyM6pxlC1', '0VK7FPymEhq', 'APP20240503h7o1wxG', 'UNT20240507K4Lfs8n', 'paid', 10000.00, '2023-02-14 00:50:27'),
('A5ghDconeY6', 'cqbtO30oygT', 'APP202405068PM1kDu', 'UNT20240506ZNyOuni', 'paid', 10000.00, '2023-04-10 00:02:40'),
('aBwuTsrESd6', '0VK7FPymEhq', 'APP20240503h7o1wxG', 'UNT20240507QiydL0q', 'paid', 10000.00, '2023-02-24 13:33:34'),
('aYNtRL9JVEp', 'xso3gzWnRw8', 'APP20240506hExZ3OM', 'UNT20240506E7z0prW', 'paid', 10000.00, '2023-02-02 07:25:02'),
('AZ3ovHG24fY', 'cqbtO30oygT', 'APP20240504ZA2RxM3', 'UNT202405058pwxqYA', 'paid', 10000.00, '2023-01-26 03:03:42'),
('bIPNKemR5qu', 'aSzGs7EvBxN', 'APP20240503h7o1wxG', 'UNT20240507K4Lfs8n', 'paid', 10000.00, '2023-02-14 03:41:39'),
('BKN202405059g7sInl', 'OsA5miKC0F9', 'APP20240504ZA2RxM3', 'UNT202405058pwxqYA', 'paid', 10000.00, '2024-05-05 13:37:13'),
('BKN20240506cOTLGj1', 't3JCHT8PK5F', 'APP20240504ZA2RxM3', 'UNT20240505H2S5bTy', 'paid', 10000.00, '2024-05-06 12:27:07'),
('BKN20240506mUaSnDe', 't3JCHT8PK5F', 'APP20240504ZA2RxM3', 'UNT202405058pwxqYA', 'paid', 10000.00, '2024-09-10 12:23:32'),
('BKN20240506T8OdwxJ', 't3JCHT8PK5F', 'APP20240504ZA2RxM3', 'UNT202405058pwxqYA', 'paid', 10000.00, '2024-05-06 19:10:56'),
('BKN20240508lJ02d6v', 't3JCHT8PK5F', 'APP20240506hExZ3OM', 'UNT20240506E7z0prW', 'paid', 10000.00, '2024-05-08 09:08:06'),
('Bxs58Nz134A', '0jog3yIUCGA', 'APP20240504ZA2RxM3', 'UNT202405058pwxqYA', 'paid', 10000.00, '2023-01-06 09:46:32'),
('cDXfrmQqs0M', '0VK7FPymEhq', 'APP20240504TnEX3sj', 'UNT20240507oLJbFCM', 'paid', 10000.00, '2023-05-08 17:50:11'),
('cnJCRK89eSD', 'O4SzKMjwBGt', 'APP20240504TnEX3sj', 'UNT20240507oLJbFCM', 'paid', 10000.00, '2023-05-08 08:29:39'),
('CPwyxdFNf2e', 'iAFH139ek8q', 'APP20240504TnEX3sj', 'UNT20240507oLJbFCM', 'paid', 10000.00, '2023-05-08 20:09:08'),
('CTO9wsDINvf', '0VK7FPymEhq', 'APP20240504TnEX3sj', 'UNT20240507oLJbFCM', 'paid', 10000.00, '2023-05-08 17:52:09'),
('cWhkdbjF6Pi', '0VK7FPymEhq', 'APP20240504TnEX3sj', 'UNT20240507oLJbFCM', 'paid', 10000.00, '2023-05-09 19:56:06'),
('Df3GkFy79BM', 'FdaVCtQgAK5', 'APP20240503h7o1wxG', 'UNT20240507K4Lfs8n', 'paid', 10000.00, '2023-02-20 21:44:21'),
('DoWxAZqcNyE', 'cqbtO30oygT', 'APP202405068PM1kDu', 'UNT20240506ZNyOuni', 'paid', 10000.00, '2023-04-08 16:44:24'),
('E12rfPnDSWI', 'W1g72jy0FAe', 'APP20240504TnEX3sj', 'UNT20240507lZEpVne', 'paid', 10000.00, '2023-04-29 17:14:32'),
('e1nYwQdi7O0', 'iWzTcjOEhXx', 'APP20240504TnEX3sj', 'UNT20240507lZEpVne', 'paid', 10000.00, '2023-05-08 17:12:53'),
('e8znfxmd0NY', '0jog3yIUCGA', 'APP20240506hExZ3OM', 'UNT20240506E7z0prW', 'paid', 10000.00, '2023-05-08 15:55:31'),
('eDLmYuOqc7T', '0VK7FPymEhq', 'APP20240504TnEX3sj', 'UNT20240507oLJbFCM', 'paid', 10000.00, '2023-05-05 19:44:43'),
('eKXk0pV9U2m', 'oJtHC1p48sF', 'APP20240504TnEX3sj', 'UNT20240507oLJbFCM', 'paid', 10000.00, '2023-03-07 13:16:03'),
('EovO619zTwC', 'cqbtO30oygT', 'APP202405068PM1kDu', 'UNT20240506ZNyOuni', 'paid', 10000.00, '2023-04-08 16:46:53'),
('FbSrlzLQ6f3', 'FBZdwEa9Gx1', 'APP20240503h7o1wxG', 'UNT20240507K4Lfs8n', 'paid', 10000.00, '2023-02-27 12:15:00'),
('feBm2c9OWk6', 'FdaVCtQgAK5', 'APP20240504TnEX3sj', 'UNT20240507lZEpVne', 'paid', 10000.00, '2023-02-24 13:43:17'),
('fiboKQOCT9s', 'aLdFUHYmISu', 'APP20240504ZA2RxM3', 'UNT202405058pwxqYA', 'paid', 10000.00, '2023-01-17 10:10:46'),
('FkmAaejC46E', 'FBZdwEa9Gx1', 'APP20240503h7o1wxG', 'UNT20240507QiydL0q', 'paid', 10000.00, '2023-02-27 14:08:53'),
('FsCRnJNlpOo', 'q9cS2voZRNs', 'APP20240504ZA2RxM3', 'UNT202405058pwxqYA', 'paid', 10000.00, '2022-12-30 02:13:23'),
('g6zGxSsAKTP', 'eMn0YzbGv24', 'APP20240504TnEX3sj', 'UNT20240507lZEpVne', 'paid', 10000.00, '2023-03-14 14:22:19'),
('goW4nvhQGxE', 'rYBxskOQ81d', 'APP20240504TnEX3sj', 'UNT20240507lZEpVne', 'paid', 10000.00, '2023-03-07 13:29:20'),
('hbTp2uWeUnf', 't3JCHT8PK5F', 'APP20240504ZA2RxM3', 'UNT202405058pwxqYA', 'paid', 10000.00, '2022-12-23 13:13:25'),
('HD4Qszixa8S', 't3JCHT8PK5F', 'APP20240503h7o1wxG', 'UNT20240507K4Lfs8n', 'paid', 10000.00, '2022-11-29 23:12:01'),
('Hf01yCESJpa', 'xso3gzWnRw8', 'APP20240504ZA2RxM3', 'UNT202405058pwxqYA', 'paid', 10000.00, '2023-01-17 01:01:27'),
('hkofqAQa1BS', 'MBI9GsWZp6J', 'APP20240504TnEX3sj', 'UNT20240507oLJbFCM', 'paid', 10000.00, '2023-04-29 09:38:47'),
('IOHP19nNkp3', 'GedFz6wxth9', 'APP202405068PM1kDu', 'UNT20240506GQX2PuI', 'paid', 10000.00, '2023-01-25 08:00:33'),
('iU2a7s5lZnr', 'cqbtO30oygT', 'APP202405068PM1kDu', 'UNT20240506ZNyOuni', 'paid', 10000.00, '2023-04-08 16:31:03'),
('IyNMiCZAk01', '0jog3yIUCGA', 'APP20240506hExZ3OM', 'UNT20240506E7z0prW', 'paid', 10000.00, '2023-05-08 16:00:50'),
('IZ4hyKl8uAi', 'T3NqboDua4S', 'APP20240504TnEX3sj', 'UNT20240507oLJbFCM', 'paid', 10000.00, '2023-03-10 17:41:02'),
('JjoWBSpAtCs', 'cqbtO30oygT', 'APP20240504ZA2RxM3', 'UNT202405058pwxqYA', 'paid', 10000.00, '2023-01-11 09:17:18'),
('Jk5gMD4G0rd', 'cKQukE2aDdS', 'APP20240504ZA2RxM3', 'UNT202405058pwxqYA', 'paid', 10000.00, '2023-05-09 19:55:37'),
('k6LtIwe', 't3JCHT8PK5F', 'APP20240506hExZ3OM', 'UNT20240506E7z0prW', 'paid', 50000.00, '2024-03-08 09:57:31'),
('k6LtIwe4545', 't3JCHT8PK5F', 'APP20240506hExZ3OM', 'UNT20240506E7z0prW', 'paid', 50000.00, '2023-12-08 09:57:31'),
('k6LtIY23s', 't3JCHT8PK5F', 'APP20240506hExZ3OM', 'UNT20240506E7z0prW', 'paid', 50000.00, '2024-02-08 09:57:31'),
('k6LtIY23s4545', 't3JCHT8PK5F', 'APP20240506hExZ3OM', 'UNT20240506E7z0prW', 'paid', 50000.00, '2024-01-08 09:57:31'),
('k6LtIYV', 't3JCHT8PK5F', 'APP20240506hExZ3OM', 'UNT20240506E7z0prW', 'paid', 50000.00, '2024-05-08 09:57:31'),
('k6LtIYVa', 't3JCHT8PK5F', 'APP20240506hExZ3OM', 'UNT20240506E7z0prW', 'paid', 50000.00, '2024-04-08 09:57:31'),
('kaiQEIU98zT', 'cqbtO30oygT', 'APP20240504ZA2RxM3', 'UNT202405058pwxqYA', 'paid', 10000.00, '2023-01-11 09:16:59'),
('kE3ijQLmaf1', 'cqbtO30oygT', 'APP20240504ZA2RxM3', 'UNT202405058pwxqYA', 'paid', 10000.00, '2023-01-06 09:12:47'),
('kqzShuOFGVd', 's6HugqmKJbN', 'APP202405068PM1kDu', 'UNT20240506ZNyOuni', 'paid', 10000.00, '2023-04-11 10:45:21'),
('Kx7oy820Wes', 'cqbtO30oygT', 'APP20240504ZA2RxM3', 'UNT202405058pwxqYA', 'paid', 10000.00, '2023-01-11 08:55:13'),
('LmKdpEPv8wT', '6ZO1cSDIKJj', 'APP20240504TnEX3sj', 'UNT20240507oLJbFCM', 'paid', 10000.00, '2023-05-05 22:49:52'),
('LNuPlOR4Khy', 'cqbtO30oygT', 'APP20240504ZA2RxM3', 'UNT202405058pwxqYA', 'paid', 10000.00, '2023-01-11 08:46:29'),
('lSihZVDvta8', 'aSzGs7EvBxN', 'APP202405068PM1kDu', 'UNT20240507lZEpVne', 'paid', 10000.00, '2022-12-23 12:36:31'),
('lVy4uqO', 't3JCHT8PK5F', 'APP20240504ZA2RxM3', 'UNT202405058pwxqYA', 'paid', 300.00, '2024-05-06 14:48:14'),
('m2AnPOYyCv9', 'OsA5miKC0F9', 'APP20240504TnEX3sj', 'UNT20240507lZEpVne', 'paid', 10000.00, '2023-05-10 15:55:09'),
('moxMfLO2vZt', 'cqbtO30oygT', 'APP202405068PM1kDu', 'UNT20240506ZNyOuni', 'paid', 10000.00, '2023-04-10 15:35:57'),
('NfQ1IWC', 't3JCHT8PK5F', 'APP20240504ZA2RxM3', 'UNT202405058pwxqYA', 'paid', 300.00, '2024-05-06 19:17:23'),
('nMXgCIbV9H1', 'DGgf4ajClES', 'APP20240504TnEX3sj', 'UNT20240507lZEpVne', 'paid', 10000.00, '2023-03-01 13:30:21'),
('nUsGa6NpOHf', '6uY1N4c9VEl', 'APP20240504TnEX3sj', 'UNT20240507lZEpVne', 'paid', 10000.00, '2023-02-27 14:10:05'),
('NY4iQAHXK8s', '', 'APP20240506hExZ3OM', 'UNT20240506E7z0prW', 'paid', 10000.00, '2023-05-08 16:22:25'),
('OcGMWhEl0Zp', 'cqbtO30oygT', 'APP202405068PM1kDu', 'UNT20240506ZNyOuni', 'paid', 10000.00, '2023-04-08 16:55:13'),
('OMdPYqzEAQh', 'haoG90S1fpe', 'APP20240504ZA2RxM3', 'UNT202405058pwxqYA', 'paid', 10000.00, '2023-01-24 06:55:18'),
('P79863XWlDx', 'cqbtO30oygT', 'APP202405068PM1kDu', 'UNT20240506ZNyOuni', 'paid', 10000.00, '2023-04-08 16:58:54'),
('PAY123ABC', 't3JCHT8PK5F', 'APP20240503h7o1wxG', 'UNT20240507K4Lfs8n', 'paid', 50000.00, '2023-11-08 09:57:31'),
('PAY123AXS', 't3JCHT8PK5F', 'APP20240503h7o1wxG', 'UNT20240507K4Lfs8n', 'paid', 50000.00, '2023-09-08 09:57:31'),
('PAY3ABCXS', 't3JCHT8PK5F', 'APP20240503h7o1wxG', 'UNT20240507K4Lfs8n', 'paid', 50000.00, '2023-10-08 09:57:31'),
('pMenBDzCh1j', 's6HugqmKJbN', 'APP20240504TnEX3sj', 'UNT20240507lZEpVne', 'paid', 10000.00, '2023-04-09 23:59:16'),
('pS3gePYzhy0', 'cqbtO30oygT', 'APP20240503h7o1wxG', 'UNT20240507K4Lfs8n', 'paid', 10000.00, '2023-02-09 04:48:37'),
('PSoY6QACrat', 'eMn0YzbGv24', 'APP20240503h7o1wxG', 'UNT20240507K4Lfs8n', 'paid', 10000.00, '2023-02-14 03:44:54'),
('qH2GeYpK4x3', 'haoG90S1fpe', 'APP20240504ZA2RxM3', 'UNT202405058pwxqYA', 'paid', 10000.00, '2023-01-26 03:33:39'),
('qiGy4pMS5WT', 'GedFz6wxth9', 'APP20240504ZA2RxM3', 'UNT202405058pwxqYA', 'paid', 10000.00, '2023-01-17 10:05:26'),
('qJAZs4O7cXe', '6uY1N4c9VEl', 'UNT20240506ZNyOuni', 'UNT20240507lZEpVne', 'paid', 10000.00, '2022-12-07 04:57:38'),
('QJxAv8h1E36', 'cqbtO30oygT', 'APP20240503h7o1wxG', 'UNT20240507K4Lfs8n', 'paid', 10000.00, '2023-04-09 13:34:40'),
('qQZwr9DBnM8', 'LxvTVYXQi3y', 'APP20240506hExZ3OM', 'UNT20240506E7z0prW', 'paid', 10000.00, '2023-02-28 13:33:57'),
('Qr74jLwJ5U6', 'haoG90S1fpe', 'APP20240504ZA2RxM3', 'UNT202405058pwxqYA', 'paid', 10000.00, '2022-12-23 23:29:38'),
('r1NvDhZVa8j', 'w0pxq1Tnogs', 'APP20240504TnEX3sj', 'UNT20240507oLJbFCM', 'paid', 10000.00, '2023-03-07 13:24:50'),
('r1PYonXWVxA', '0VK7FPymEhq', 'APP20240503h7o1wxG', 'UNT20240507QiydL0q', 'paid', 10000.00, '2023-02-24 13:35:55'),
('R45Tdu0sxCD', 'Bhm81a7NIHs', 'APP20240504ZA2RxM3', 'UNT202405058pwxqYA', 'paid', 10000.00, '2023-01-11 23:27:53'),
('rPzCuSKpRml', 'J51oy6lguEe', 'APP20240504ZA2RxM3', 'UNT202405058pwxqYA', 'paid', 10000.00, '2022-12-23 12:02:52'),
('RTFzVUkIv6C', 'dQqDMig8f7r', 'APP20240504TnEX3sj', 'UNT20240507oLJbFCM', 'paid', 10000.00, '2023-04-25 15:33:13'),
('SES20230510NjZsBOY', '', 'APP20240504TnEX3sj', 'UNT20240507oLJbFCM', 'paid', 10000.00, '2023-05-10 20:03:54'),
('SES20230510usEtPi5', 't3JCHT8PK5F', 'APP20240503h7o1wxG', 'UNT20240507QiydL0q', 'paid', 10000.00, '2023-05-10 19:55:34'),
('SES2023051243oSzwA', 't3JCHT8PK5F', 'APP20240506hExZ3OM', 'UNT20240506GQX2PuI', 'paid', 10000.00, '2023-05-12 11:44:26'),
('SES202305129RYs0Bq', 'USR20230512ougrvlQ', 'APP20240504ZA2RxM3', 'UNT20240505H2S5bTy', 'paid', 10000.00, '2023-05-12 18:57:07'),
('SES20230512AiTW2HC', 't3JCHT8PK5F', 'APP202405068PM1kDu', 'UNT20240506ZNyOuni', 'paid', 10000.00, '2023-05-12 12:08:22'),
('SES20230512jSPKmlO', 'USR20230512ougrvlQ', 'APP20240504ZA2RxM3', 'UNT20240505H2S5bTy', 'paid', 10000.00, '2023-05-12 18:33:19'),
('SES20230512pkCRrT2', 'OsA5miKC0F9', 'APP20240504TnEX3sj', 'UNT20240507lZEpVne', 'paid', 10000.00, '2023-05-12 00:17:43'),
('SES2023052247J91ei', '', 'APP20240504TnEX3sj', 'UNT20240507lZEpVne', 'paid', 10000.00, '2023-05-22 23:57:51'),
('SES202305241R3t0ln', 'USR20230524S7pw85F', 'APP20240504TnEX3sj', 'UNT20240507oLJbFCM', 'paid', 10000.00, '2023-05-24 14:32:38'),
('SES20230531faOriJ9', '', 'APP20240504ZA2RxM3', 'UNT202405058pwxqYA', 'paid', 10000.00, '2023-05-31 00:59:39'),
('SES20230531gFLQndM', '', 'APP20240504TnEX3sj', 'UNT20240507oLJbFCM', 'paid', 10000.00, '2023-05-31 10:35:38'),
('SES20230605brWE9tP', 'OsA5miKC0F9', 'APP20240504ZA2RxM3', 'UNT202405058pwxqYA', 'paid', 10000.00, '2023-06-05 12:32:40'),
('SES20230605IDHBK2J', 'USR202306055kfTVb0', 'APP20240504ZA2RxM3', 'UNT202405058pwxqYA', 'paid', 10000.00, '2023-06-05 12:58:15'),
('SES20230606jBMD5fS', 'O4SzKMjwBGt', 'APP20240504TnEX3sj', 'UNT20240507tVZk4iz', 'paid', 10000.00, '2023-06-06 19:28:44'),
('SES20230606YxgZN5z', '', 'APP20240504TnEX3sj', 'UNT20240507tVZk4iz', 'paid', 10000.00, '2023-06-06 19:27:28'),
('SES20230608sSXzrt4', '', 'APP20240504ZA2RxM3', 'UNT202405058pwxqYA', 'paid', 10000.00, '2023-06-08 15:05:29'),
('SES20230608TQAZt2y', 'USR20230608VhuE5tc', 'APP20240504ZA2RxM3', 'UNT202405058pwxqYA', 'paid', 10000.00, '2023-06-08 15:09:56'),
('SES20230609kwGyjzx', 'USR20230609neXZ1vW', 'APP202405068PM1kDu', 'UNT20240506ZNyOuni', 'paid', 10000.00, '2023-06-09 19:14:45'),
('SES20230609pbaJl2c', '', 'APP20240504TnEX3sj', 'UNT20240507tVZk4iz', 'paid', 10000.00, '2023-06-09 15:37:41'),
('SES20230610WklMDjs', '', 'APP20240504TnEX3sj', 'UNT20240507tVZk4iz', 'paid', 10000.00, '2023-06-10 09:44:16'),
('SES20230612a49RK2Z', '0VK7FPymEhq', 'APP20240504TnEX3sj', 'UNT20240507tVZk4iz', 'paid', 10000.00, '2023-06-12 11:46:12'),
('SES20230612FECbeSY', '0VK7FPymEhq', 'APP20240504TnEX3sj', 'UNT20240507tVZk4iz', 'paid', 10000.00, '2023-06-12 11:44:08'),
('SES20230612wOXMW4N', '0VK7FPymEhq', 'APP20240504TnEX3sj', 'UNT20240507tVZk4iz', 'paid', 10000.00, '2023-06-12 12:17:13'),
('SES20230612Y0F2GLK', '0VK7FPymEhq', 'APP20240503h7o1wxG', 'UNT20240507K4Lfs8n', 'paid', 10000.00, '2023-06-12 23:47:52'),
('SES20230613TUhHl3N', '0VK7FPymEhq', 'APP20240503h7o1wxG', 'UNT20240507K4Lfs8n', 'paid', 10000.00, '2023-06-13 12:52:55'),
('SES20230614DWCXoLa', '', 'APP20240504TnEX3sj', 'UNT20240507lZEpVne', 'paid', 10000.00, '2023-06-14 12:22:42'),
('SES20230614fEzuT8A', '', 'APP20240504TnEX3sj', 'UNT20240507lZEpVne', 'paid', 10000.00, '2023-06-14 12:03:58'),
('SES20230614km6vHwB', '', 'APP20240504TnEX3sj', 'UNT20240507lZEpVne', 'paid', 10000.00, '2023-06-14 12:21:47'),
('SES20230619ZT0N1Px', '', 'APP20240504TnEX3sj', 'UNT20240507lZEpVne', 'paid', 10000.00, '2023-06-19 17:24:49'),
('SES20230620V9Q2jna', 'FBZdwEa9Gx1', 'APP20240503h7o1wxG', 'UNT20240507QiydL0q', 'paid', 10000.00, '2023-06-20 09:01:42'),
('SES20230626jFtukqW', '0VK7FPymEhq', 'APP20240504TnEX3sj', 'UNT20240507lZEpVne', 'paid', 10000.00, '2023-06-26 19:28:23'),
('SES20230626SBFWJnN', '', 'APP20240504TnEX3sj', 'UNT20240507lZEpVne', 'paid', 10000.00, '2023-06-26 19:15:23'),
('SES20230630wopgbDz', '', 'APP20240504TnEX3sj', 'UNT20240507lZEpVne', 'paid', 10000.00, '2023-06-30 21:28:16'),
('SES202307055I37vUB', '', 'APP20240506hExZ3OM', 'UNT20240506E7z0prW', 'paid', 10000.00, '2023-07-05 13:43:11'),
('SES20230714XfhuCFU', '', 'APP20240504TnEX3sj', 'UNT20240507lZEpVne', 'paid', 10000.00, '2023-07-14 23:23:50'),
('SES20230720jAMkNES', '', 'APP20240504TnEX3sj', 'UNT20240507lZEpVne', 'paid', 10000.00, '2023-07-20 12:19:38'),
('SES20230721IazWNyZ', '0VK7FPymEhq', 'APP20240504TnEX3sj', 'UNT20240507lZEpVne', 'paid', 10000.00, '2023-07-21 22:44:21'),
('SES20230722KmIwxBP', 'USR20230722zFk0ugQ', 'APP20240506hExZ3OM', 'UNT20240506E7z0prW', 'paid', 10000.00, '2023-07-22 15:04:55'),
('SES20230724aN41WGU', 'USR20230724NiKXICo', 'APP20240504TnEX3sj', 'UNT20240507lZEpVne', 'paid', 10000.00, '2023-07-24 18:54:27'),
('SES20230724lArDnJb', '', 'APP20240504TnEX3sj', 'UNT20240507lZEpVne', 'paid', 10000.00, '2023-07-24 18:49:46'),
('SES20230807XkKAaus', '', 'APP20240504ZA2RxM3', 'UNT202405058pwxqYA', 'paid', 10000.00, '2023-08-07 13:29:30'),
('SES20230808QnM8bmO', 'FBZdwEa9Gx1', 'APP202405068PM1kDu', 'UNT20240506ZNyOuni', 'paid', 10000.00, '2023-08-08 15:14:49'),
('SES20230809bHQCzwj', '', 'APP20240504TnEX3sj', 'UNT20240507lZEpVne', 'paid', 10000.00, '2023-08-09 16:35:39'),
('SES20230809SbrZYRt', 'FBZdwEa9Gx1', 'APP202405068PM1kDu', 'UNT20240506ZNyOuni', 'paid', 10000.00, '2023-08-09 01:10:07'),
('SES20230810PgMx2E8', '', 'APP20240504TnEX3sj', 'UNT20240507lZEpVne', 'paid', 10000.00, '2023-08-10 12:19:44'),
('SES20230814hiTD31w', '', 'APP20240504TnEX3sj', 'UNT20240507lZEpVne', 'paid', 10000.00, '2023-08-14 14:22:46'),
('SES20230815JIWzAgO', 'FBZdwEa9Gx1', 'APP202405068PM1kDu', 'UNT20240506ZNyOuni', 'paid', 10000.00, '2023-08-15 14:14:54'),
('SES202308160kEBXST', '', 'APP20240504ZA2RxM3', 'UNT202405058pwxqYA', 'paid', 10000.00, '2023-08-16 09:47:45'),
('SES20230816zK0qp7W', '', 'APP20240504ZA2RxM3', 'UNT20240505H2S5bTy', 'paid', 10000.00, '2023-08-16 16:43:48'),
('SES202308224iqv5Nj', '', 'APP20240504ZA2RxM3', 'UNT202405058pwxqYA', 'paid', 10000.00, '2023-08-22 15:35:40'),
('SES202308231L5Dvth', '', 'APP20240504ZA2RxM3', 'UNT202405058pwxqYA', 'paid', 10000.00, '2023-08-23 15:46:30'),
('SES20230823lrH4CVh', '', 'APP20240504ZA2RxM3', 'UNT202405058pwxqYA', 'paid', 10000.00, '2023-08-23 15:46:20'),
('SES20230829xFTM4G1', '', 'APP20240504ZA2RxM3', 'UNT202405058pwxqYA', 'paid', 10000.00, '2023-08-29 19:46:59'),
('SES20230831lItWPj5', 'USR20230831A0CWduV', 'APP20240504TnEX3sj', 'UNT20240507lZEpVne', 'paid', 10000.00, '2023-08-31 00:11:18'),
('SES20230901AICjl9S', '0VK7FPymEhq', 'APP20240504TnEX3sj', 'UNT20240507lZEpVne', 'paid', 10000.00, '2023-09-01 10:30:04'),
('SES20230901QizxV3Y', '0VK7FPymEhq', 'APP20240504TnEX3sj', 'UNT20240507lZEpVne', 'paid', 10000.00, '2023-09-01 09:57:51'),
('SES20230908AioRX81', 'FBZdwEa9Gx1', 'APP202405068PM1kDu', 'UNT202405064kD62PW', 'paid', 10000.00, '2023-09-08 15:53:37'),
('SES20230911UIk1VEO', 'USR20230911KIbBhok', 'APP20240504ZA2RxM3', 'UNT20240505H2S5bTy', 'paid', 10000.00, '2023-09-11 10:36:23'),
('SES20230916suGwa10', '', 'APP20240504ZA2RxM3', 'UNT202405058pwxqYA', 'paid', 10000.00, '2023-09-16 19:29:08'),
('SES20230926hwCXyBq', '', 'APP20240504TnEX3sj', 'UNT20240507lZEpVne', 'paid', 10000.00, '2023-09-26 17:14:20'),
('SES20230926PSvdNtZ', '', 'APP20240504TnEX3sj', 'UNT20240507lZEpVne', 'paid', 10000.00, '2023-09-26 17:14:20'),
('SES20230930WEfgA9k', '', 'APP20240506hExZ3OM', 'UNT20240506E7z0prW', 'paid', 10000.00, '2023-09-30 17:44:09'),
('SES20231209bMApUSN', 'FBZdwEa9Gx1', 'APP20240504TnEX3sj', 'UNT20240507lZEpVne', 'paid', 10000.00, '2023-12-09 20:10:40'),
('SES20231210Uy1wLY1', 'FBZdwEa9Gx1', 'APP20240504ZA2RxM3', 'UNT20240505H2S5bTy', 'paid', 10000.00, '2023-12-10 16:19:18'),
('SES20231210Uy1wLYU', 'FBZdwEa9Gx1', 'APP20240504ZA2RxM3', 'UNT20240505H2S5bTy', 'paid', 10000.00, '2023-12-10 16:19:18'),
('SES20231221D9jxoFm', '0VK7FPymEhq', 'APP20240504TnEX3sj', 'UNT20240507lZEpVne', 'paid', 10000.00, '2023-12-21 14:49:44'),
('SES20231221hRwHnIc', '0VK7FPymEhq', 'APP20240504TnEX3sj', 'UNT20240507lZEpVne', 'paid', 10000.00, '2023-12-21 14:44:32'),
('SES20240111jMVFBli', '', 'APP20240506hExZ3OM', 'UNT20240506E7z0prW', 'paid', 10000.00, '2024-01-11 12:54:25'),
('SES20240120hg8ni9r', '0VK7FPymEhq', 'APP20240506hExZ3OM', 'UNT20240506E7z0prW', 'paid', 10000.00, '2024-01-20 16:26:41'),
('SES20240123ye7Sut4', 'FBZdwEa9Gx1', 'APP20240504ZA2RxM3', 'UNT20240505H2S5bTy', 'paid', 10000.00, '2024-01-23 09:40:04'),
('SES202401240e5CrqA', 'OsA5miKC0F9', 'APP20240504TnEX3sj', 'UNT20240507lZEpVne', 'paid', 10000.00, '2024-01-24 18:20:15'),
('SES20240124SUzx65w', 'USR202401249iL2MFx', 'APP20240504ZA2RxM3', 'UNT20240505H2S5bTy', 'paid', 10000.00, '2024-01-24 13:00:17'),
('SES20240124wdm2YRi', '', 'APP20240504TnEX3sj', 'UNT20240507lZEpVne', 'paid', 10000.00, '2024-01-24 18:19:22'),
('SES202401268ExuTKb', 'FBZdwEa9Gx1', 'APP20240504ZA2RxM3', 'UNT20240505H2S5bTy', 'paid', 10000.00, '2024-01-26 15:34:51'),
('SES20240126f8bRry0', 'FBZdwEa9Gx1', 'APP20240504ZA2RxM3', 'UNT20240505H2S5bTy', 'paid', 10000.00, '2024-01-26 12:24:54'),
('SES20240126HGXc3AC', 'FBZdwEa9Gx1', 'APP20240504ZA2RxM3', 'UNT20240505H2S5bTy', 'paid', 10000.00, '2024-01-26 12:22:10'),
('SES20240126jKC2QLt', 'FBZdwEa9Gx1', 'APP20240504ZA2RxM3', 'UNT20240505H2S5bTy', 'paid', 10000.00, '2024-01-26 12:13:21'),
('SES20240126SUMLw1W', 'FBZdwEa9Gx1', 'APP20240504ZA2RxM3', 'UNT20240505H2S5bTy', 'paid', 10000.00, '2024-01-26 15:43:33'),
('SES20240130P2rpTD8', '', 'APP20240506hExZ3OM', 'UNT20240506E7z0prW', 'paid', 10000.00, '2024-01-30 14:12:08'),
('SES20240130qdZNoAl', '', 'APP20240504ZA2RxM3', 'UNT202405058pwxqYA', 'paid', 10000.00, '2024-01-30 22:40:47'),
('SES20240130sIXdhNi', '', 'APP20240506hExZ3OM', 'UNT20240506E7z0prW', 'paid', 10000.00, '2024-01-30 21:59:14'),
('SES20240211dTeiJc6', '', 'APP20240504ZA2RxM3', 'UNT20240505H2S5bTy', 'paid', 10000.00, '2024-02-11 12:29:20'),
('SES202402179shBxez', '', 'APP20240504TnEX3sj', 'UNT20240507lZEpVne', 'paid', 10000.00, '2024-02-17 09:34:02'),
('SES20240217fA57Jt3', '0VK7FPymEhq', 'APP20240504TnEX3sj', 'UNT20240507lZEpVne', 'paid', 10000.00, '2024-02-17 09:36:32'),
('SES20240217m39OSBA', '0VK7FPymEhq', 'APP20240504TnEX3sj', 'UNT20240507lZEpVne', 'paid', 10000.00, '2024-02-17 04:40:42'),
('SES20240217qmy4gAN', '0VK7FPymEhq', 'APP20240504ZA2RxM3', 'UNT202405058pwxqYA', 'paid', 10000.00, '2024-02-17 02:54:28'),
('SES20240218hE0C1QG', 'FBZdwEa9Gx1', 'APP20240504ZA2RxM3', 'UNT20240505H2S5bTy', 'paid', 10000.00, '2024-02-18 08:08:14'),
('SES20240219FaIbjkQ', '', 'APP20240504TnEX3sj', 'UNT20240507lZEpVne', 'paid', 10000.00, '2024-02-19 10:11:40'),
('SES20240224bMnzEF7', 'FBZdwEa9Gx1', 'APP20240504ZA2RxM3', 'UNT20240505H2S5bTy', 'paid', 10000.00, '2024-02-24 09:59:34'),
('SES20240224JjmGv0d', '', 'APP20240504TnEX3sj', 'UNT20240507lZEpVne', 'paid', 10000.00, '2024-02-24 09:32:46'),
('SES20240224mrpUvPz', 'FBZdwEa9Gx1', 'APP20240504ZA2RxM3', 'UNT20240505H2S5bTy', 'paid', 10000.00, '2024-02-24 09:59:33'),
('SES20240308dl2bJ0Q', 'USR20240308DrmP83M', 'APP20240504ZA2RxM3', 'UNT20240505H2S5bTy', 'paid', 10000.00, '2024-03-08 14:11:16'),
('SES20240308EOe41lc', 'USR20240308DrmP83M', 'APP20240504ZA2RxM3', 'UNT20240505H2S5bTy', 'paid', 10000.00, '2024-03-08 12:55:24'),
('SES20240308hXerBvG', '', 'APP20240504ZA2RxM3', 'UNT20240505H2S5bTy', 'paid', 10000.00, '2024-03-08 13:58:44'),
('SES20240308ZvDEdkK', 'USR20240308DrmP83M', 'APP20240504ZA2RxM3', 'UNT20240505H2S5bTy', 'paid', 10000.00, '2024-03-08 14:01:17'),
('SES20240312eZACbig', '', 'APP20240504TnEX3sj', 'UNT20240507lZEpVne', 'paid', 10000.00, '2024-03-12 13:28:21'),
('SES20240312l8BI40E', '0VK7FPymEhq', 'APP20240504TnEX3sj', 'UNT20240507lZEpVne', 'paid', 10000.00, '2024-03-12 12:32:42'),
('SES20240312qZ59x2p', 'USR20240312cCOZx9i', 'APP20240504TnEX3sj', 'UNT20240507lZEpVne', 'paid', 10000.00, '2024-03-12 13:32:33'),
('SES20240313dMplgLh', 'FBZdwEa9Gx1', 'APP20240504ZA2RxM3', 'UNT20240505H2S5bTy', 'paid', 10000.00, '2024-03-13 08:09:27'),
('SES20240313wgz5tAQ', 'FBZdwEa9Gx1', 'APP20240504ZA2RxM3', 'UNT20240505H2S5bTy', 'paid', 10000.00, '2024-03-13 12:03:02'),
('SES20240318Pt01Wfl', 'USR20240318JTHl7pP', 'APP20240504ZA2RxM3', 'UNT20240505H2S5bTy', 'paid', 10000.00, '2024-03-18 12:25:01'),
('SES202404229ObQnos', 'USR20240312cCOZx9i', 'APP20240504ZA2RxM3', 'UNT20240505H2S5bTy', 'paid', 10000.00, '2024-04-22 10:14:37'),
('SES20240423j3qeMCg', '', 'APP20240504ZA2RxM3', 'UNT20240505H2S5bTy', 'paid', 10000.00, '2024-04-23 13:55:15'),
('SES20240427wDjfFeg', 'OsA5miKC0F9', 'APP20240504ZA2RxM3', 'UNT202405058pwxqYA', 'paid', 10000.00, '2024-04-27 16:39:37'),
('SES20240501oNgmpXH', 'OsA5miKC0F9', 'APP20240504ZA2RxM3', 'UNT20240505H2S5bTy', 'paid', 10000.00, '2024-05-01 12:36:49'),
('sHmqtzxhnQp', '0VK7FPymEhq', 'APP20240503h7o1wxG', 'UNT20240507K4Lfs8n', 'paid', 10000.00, '2023-02-06 02:41:54'),
('SMAlFODQCGd', 'tTwWseR4VdA', 'APP20240506hExZ3OM', 'UNT20240506E7z0prW', 'paid', 10000.00, '2023-02-08 10:33:31'),
('SXjrMg13IJQ', 'cqbtO30oygT', 'APP20240504ZA2RxM3', 'UNT202405058pwxqYA', 'paid', 10000.00, '2023-01-26 03:13:00'),
('sxQXLpieYBl', 'cqbtO30oygT', 'APP202405068PM1kDu', 'UNT20240506ZNyOuni', 'paid', 10000.00, '2023-04-08 17:44:22'),
('ty4bidnuaG3', 'FBZdwEa9Gx1', 'APP20240503h7o1wxG', 'UNT20240507K4Lfs8n', 'paid', 10000.00, '2023-02-27 12:15:00'),
('vBnpFQw0aEq', '0VK7FPymEhq', 'APP20240504TnEX3sj', 'UNT20240507lZEpVne', 'paid', 10000.00, '2023-05-05 22:50:39'),
('vmYiad6NsIR', 'OsA5miKC0F9', 'APP20240504ZA2RxM3', 'UNT202405058pwxqYA', 'paid', 10000.00, '2022-12-23 11:31:29'),
('whQfa3MLdAg', 'haoG90S1fpe', 'VqozWcjRlOZ', 'UNT20240507lZEpVne', 'paid', 10000.00, '2023-02-10 05:16:09'),
('YDu0l7OrtMs', 'cqbtO30oygT', 'APP202405068PM1kDu', 'UNT20240506ZNyOuni', 'paid', 10000.00, '2023-04-08 17:24:58'),
('YtWvzkX3Px5', '0CGnJZv9zBA', 'APP20240504ZA2RxM3', 'UNT20240505H2S5bTy', 'paid', 10000.00, '2023-03-15 12:25:11'),
('YujP9UiIAZs', 'cqbtO30oygT', 'APP202405068PM1kDu', 'UNT20240506ZNyOuni', 'paid', 10000.00, '2023-04-10 14:34:13'),
('zHGo0VuLMg7', '0VK7FPymEhq', 'APP20240504TnEX3sj', 'UNT20240507lZEpVne', 'paid', 10000.00, '2023-05-03 14:22:43'),
('zkT4xyNmDIK', 'q9cS2voZRNs', 'APP202405068PM1kDu', 'UNT202405064kD62PW', 'paid', 10000.00, '2022-12-24 02:14:58'),
('ZyvAngGcu1S', 'OsA5miKC0F9', 'APP20240504ZA2RxM3', 'UNT202405058pwxqYA', 'paid', 10000.00, '2023-01-25 05:05:53'),
('ZyYQMj7GT63', 'FBZdwEa9Gx1', 'APP20240503h7o1wxG', 'UNT20240507K4Lfs8n', 'paid', 10000.00, '2023-02-27 12:18:12');

-- --------------------------------------------------------

--
-- Table structure for table `payments`
--

CREATE TABLE `payments` (
  `id` int(11) NOT NULL,
  `payment_id` varchar(50) NOT NULL,
  `project_id` varchar(100) NOT NULL,
  `visit_date` date NOT NULL,
  `created_by` varchar(50) NOT NULL,
  `user_id` varchar(50) NOT NULL,
  `user_email` varchar(100) NOT NULL,
  `user_phone` varchar(15) NOT NULL,
  `payment_reason` varchar(100) NOT NULL,
  `amount` decimal(10,2) NOT NULL,
  `merchantRequestID` varchar(100) NOT NULL,
  `checkoutRequestID` varchar(100) NOT NULL,
  `customerMessage` text NOT NULL,
  `status` varchar(100) NOT NULL DEFAULT 'pending',
  `created_at` timestamp NOT NULL DEFAULT current_timestamp(),
  `payment_status` varchar(20) DEFAULT 'Pending',
  `mpesa_receipt_number` varchar(50) DEFAULT NULL,
  `transaction_date` datetime DEFAULT NULL,
  `phone_number` varchar(15) DEFAULT NULL
) ENGINE=InnoDB DEFAULT CHARSET=utf8mb4 COLLATE=utf8mb4_general_ci;

--
-- Dumping data for table `payments`
--

INSERT INTO `payments` (`id`, `payment_id`, `project_id`, `visit_date`, `created_by`, `user_id`, `user_email`, `user_phone`, `payment_reason`, `amount`, `merchantRequestID`, `checkoutRequestID`, `customerMessage`, `status`, `created_at`, `payment_status`, `mpesa_receipt_number`, `transaction_date`, `phone_number`) VALUES
(3, 'PAY20250226o5zX3ep', 'IGM23gE', '2025-02-28', 'self', 'USR20250222nVscMZI', 'meshackyegon@gmail.com', '254722617737', 'Book Visit', 10000.00, '5fe8-4261-87f6-6d7d41adc6c31163134', 'ws_CO_26022025152041226722617737', 'Success. Request accepted for processing', 'pending', '2025-02-26 12:19:21', 'Pending', NULL, NULL, NULL),
(4, 'PAY20250226xaTodCh', 'IGM23gE', '2025-02-28', 'self', 'USR20250222nVscMZI', 'meshackyegon@gmail.com', '254722617737', 'Book Visit', 10000.00, '6543-425e-a177-2e84b1462ecd1582764', 'ws_CO_26022025212906574722617737', 'Success. Request accepted for processing', 'pending', '2025-02-26 18:29:09', 'Pending', NULL, NULL, NULL),
(5, 'PAY20250226kow5DPi', 'IGM23gE', '2025-02-28', 'self', 'USR20250222nVscMZI', 'meshackyegon@gmail.com', '254722617737', 'Book Visit', 1.00, '5fe8-4261-87f6-6d7d41adc6c31172101', 'ws_CO_26022025214419389722617737', 'Success. Request accepted for processing', 'pending', '2025-02-26 18:44:22', 'Pending', NULL, NULL, NULL),
(6, 'PAY20250226E3YXTq2', 'IGM23gE', '2025-02-28', 'self', 'USR20250222nVscMZI', 'meshackyegon@gmail.com', '254722617737', 'Book Visit', 1.00, '5fe8-4261-87f6-6d7d41adc6c31172131', 'ws_CO_26022025214807755722617737', 'Success. Request accepted for processing', 'pending', '2025-02-26 18:46:47', 'Pending', NULL, NULL, NULL);

-- --------------------------------------------------------

--
-- Table structure for table `project`
--

CREATE TABLE `project` (
  `project_id` varchar(100) NOT NULL,
  `user_id` varchar(100) NOT NULL,
  `project_name` varchar(100) NOT NULL,
  `project_type` varchar(100) NOT NULL,
  `county` varchar(100) NOT NULL,
  `subcounty` varchar(100) NOT NULL,
  `ward` varchar(100) NOT NULL,
  `nearest_town` varchar(100) NOT NULL,
  `location_pin` varchar(100) NOT NULL,
  `land_size` varchar(100) NOT NULL,
  `created_by` varchar(100) NOT NULL,
  `project_date_created` datetime NOT NULL,
  `bungalow_features` text DEFAULT NULL
) ENGINE=InnoDB DEFAULT CHARSET=utf8mb4 COLLATE=utf8mb4_general_ci;

--
-- Dumping data for table `project`
--

INSERT INTO `project` (`project_id`, `user_id`, `project_name`, `project_type`, `county`, `subcounty`, `ward`, `nearest_town`, `location_pin`, `land_size`, `created_by`, `project_date_created`, `bungalow_features`) VALUES
('IGM23gE', 'USR20250222nVscMZI', 'karen Plaza', 'Townhouses', 'nairobi', 'Londiani', 'Chepseon', 'kitisuru', '23456789', '50m2', 'self', '0000-00-00 00:00:00', NULL),
('PPJ20250224u4Y0EjO', 'USR20250222nVscMZI', 'Turbo Tales Plaza', 'Bungalows', 'Nairobi', 'Langata', 'Karen', 'Bomas', '23456789o', '70m2', 'self', '0000-00-00 00:00:00', NULL),
('PPJ20250225a9ubfR2', 'USR20250222nVscMZI', 'Lautop Plaza', 'Maisonettes', 'Kericho', 'Londiani', 'Chepseon', 'Kericho', '23456789', '100', 'self', '0000-00-00 00:00:00', NULL);

-- --------------------------------------------------------

--
-- Table structure for table `project_assignment`
--

CREATE TABLE `project_assignment` (
  `assign_id` varchar(255) NOT NULL,
  `project_id` varchar(255) NOT NULL,
  `senior_architect_id` varchar(255) NOT NULL,
  `junior_architect_id` varchar(255) DEFAULT NULL,
  `status` enum('Pending','In Progress','Completed') DEFAULT 'Pending',
  `approval_status` enum('Pending','Approved','Declined') DEFAULT 'Pending',
  `completion_status` enum('Not Started','In Progress','Completed') DEFAULT 'Not Started',
  `assigned_on` datetime DEFAULT current_timestamp()
) ENGINE=InnoDB DEFAULT CHARSET=utf8mb4 COLLATE=utf8mb4_general_ci;

--
-- Dumping data for table `project_assignment`
--

INSERT INTO `project_assignment` (`assign_id`, `project_id`, `senior_architect_id`, `junior_architect_id`, `status`, `approval_status`, `completion_status`, `assigned_on`) VALUES
('APA202502242pgJbXD', 'IGM23gE', '6V1DAjT', 'ARC20250224K6DILUQ', 'Pending', 'Pending', 'Not Started', '2025-02-24 23:44:21'),
('APA20250225T5tb1Me', 'PPJ20250224u4Y0EjO', 'ARC202502240FgpZPo', 'ARC20250224K6DILUQ', 'Pending', 'Pending', 'Not Started', '2025-02-25 13:03:31');

-- --------------------------------------------------------

--
-- Table structure for table `property`
--

CREATE TABLE `property` (
  `property_id` varchar(30) NOT NULL,
  `property_name` text NOT NULL,
  `property_type` varchar(255) NOT NULL,
  `property_units` int(11) DEFAULT NULL,
  `property_location` text DEFAULT NULL,
  `property_price` int(11) NOT NULL,
  `one_bedroom` float(10,2) DEFAULT NULL,
  `two_bedroom` float(10,2) DEFAULT NULL,
  `bedsitter` float(10,2) DEFAULT NULL,
  `ground_floor` float(10,2) DEFAULT NULL,
  `due` date DEFAULT NULL,
  `property_price_details` text DEFAULT NULL,
  `property_description` text NOT NULL,
  `property_image` text NOT NULL,
  `property_image2` varchar(255) DEFAULT NULL,
  `property_city` varchar(100) NOT NULL,
  `regulation_id` text DEFAULT NULL,
  `property_map` text DEFAULT NULL,
  `property_stay` varchar(255) DEFAULT NULL,
  `property_vacant` int(11) DEFAULT NULL,
  `property_rooms` int(11) DEFAULT NULL,
  `property_water` float(10,2) DEFAULT NULL,
  `property_garbage` float(10,2) DEFAULT NULL,
  `property_bathrooms` text DEFAULT NULL,
  `property_bedrooms` varchar(255) DEFAULT NULL,
  `property_policy` text DEFAULT NULL,
  `property_date_created` datetime NOT NULL DEFAULT current_timestamp(),
  `property_admin` varchar(255) DEFAULT NULL,
  `added_by` varchar(255) NOT NULL DEFAULT 'admin',
  `has_unit` enum('yes','no') NOT NULL DEFAULT 'yes',
  `property_status` enum('active','inactive') NOT NULL DEFAULT 'active'
) ENGINE=InnoDB DEFAULT CHARSET=latin1 COLLATE=latin1_swedish_ci;

--
-- Dumping data for table `property`
--

INSERT INTO `property` (`property_id`, `property_name`, `property_type`, `property_units`, `property_location`, `property_price`, `one_bedroom`, `two_bedroom`, `bedsitter`, `ground_floor`, `due`, `property_price_details`, `property_description`, `property_image`, `property_image2`, `property_city`, `regulation_id`, `property_map`, `property_stay`, `property_vacant`, `property_rooms`, `property_water`, `property_garbage`, `property_bathrooms`, `property_bedrooms`, `property_policy`, `property_date_created`, `property_admin`, `added_by`, `has_unit`, `property_status`) VALUES
('APP20240503h7o1wxG', 'Nairobi Villas', 'house', 2, 'Nairobi', 14000, NULL, NULL, NULL, NULL, '2024-06-05', '1 Month Deposit and 1 Month Rent', 'Test', 'TherapyImage20240513at122440pm8grjdt1f.jpeg', 'HealthImage20240503at085927pmw8mlt71h.jpeg', 'Nairobi', 'REG4,REG1,REG2', '', 'Short Term', NULL, NULL, 100.00, 100.00, '1', 'Bedsitter,One_Bedroom,Two_Bedrooms', 'Test', '2024-05-03 20:59:27', NULL, 'LAN20230228JNo0abc', 'yes', 'active'),
('APP20240504TnEX3sj', 'Briden Apartments', 'apartment', 27, 'Nairobi', 25000, 25000.00, 35000.00, 17000.00, 15000.00, '2024-06-05', '1 Month Deposit and 1 Month Rent', 'Briden Apartments', 'TherapyImage20240504at110003am35z9chau.jpeg', 'TherapyImage20240504at110003amto2mvuyz.jpeg', 'Nairobi', 'REG4', '', 'Long Term', 1, NULL, 150.00, 350.00, '1', 'Bedsitter,One_Bedroom,Two_Bedrooms,Three_Bedrooms', 'Test', '2024-05-13 11:00:03', NULL, 'hZCklWu', 'yes', 'active'),
('APP20240504ZA2RxM3', 'Baobab', 'house', 10, 'Nairobi', 100000, 100.00, 100.00, 100.00, 100.00, '2024-05-17', '1 Month Deposit and 1 Month Rent', 'Nairobi', 'MentalImage20240504at022233pm8sga39bu.jpeg', 'PsychImage20240504at022233pm8g5ak7wj.jpeg', 'Nairobi', 'REG4,REG1,REG2', '', 'Long Term', 1, NULL, 100.00, 100.00, '3', 'Bedsitter,One_Bedroom,Two_Bedrooms,Three_Bedrooms', '', '2024-05-04 14:22:33', NULL, 'LAN20230228JNo0abc', 'yes', 'active'),
('APP202405068PM1kDu', 'Anna Apartments', 'maisonette', NULL, 'Nairobi', 20000, NULL, NULL, NULL, NULL, '2024-05-09', NULL, 'Nairobi', 'HealthImage20240506at042406pm92p6moev.jpeg', 'PsychImage20240506at042406pml8fuz15n.jpeg', 'Nairobi', 'REG4', NULL, 'Short Term', NULL, NULL, NULL, 200.00, '2', 'One_Bedroom', NULL, '2024-05-06 16:24:06', NULL, 'LAN20230228JNo0abc', 'no', 'active'),
('APP20240506hExZ3OM', 'New Amsterdam', 'maisonette', 10, 'Nairobi', 0, 30000.00, 60000.00, 45000.00, NULL, '2024-05-11', NULL, 'Lorem', 'HealthImage20240506at064753pm5zs2t74q.jpeg', NULL, 'Nairobi', 'REG1,REG3', NULL, 'Long Term', 6, NULL, 300.00, 300.00, '2', 'Bedsitter', NULL, '2024-05-06 18:47:53', NULL, 'Rxgq2Fl', 'yes', 'active');

-- --------------------------------------------------------

--
-- Table structure for table `property_image`
--

CREATE TABLE `property_image` (
  `property_image_id` varchar(255) NOT NULL,
  `property_id` varchar(255) NOT NULL,
  `property_image_1` varchar(255) DEFAULT NULL,
  `property_image_2` varchar(255) DEFAULT NULL,
  `property_image_3` varchar(255) DEFAULT NULL,
  `property_image_4` varchar(255) DEFAULT NULL,
  `property_image_5` varchar(255) DEFAULT NULL,
  `property_image_6` varchar(255) DEFAULT NULL,
  `property_image_7` varchar(255) DEFAULT NULL,
  `property_image_8` varchar(255) DEFAULT NULL,
  `property_image_9` varchar(255) DEFAULT NULL,
  `property_image_10` varchar(255) DEFAULT NULL,
  `property_image_date_created` datetime NOT NULL DEFAULT current_timestamp()
) ENGINE=InnoDB DEFAULT CHARSET=latin1 COLLATE=latin1_swedish_ci;

-- --------------------------------------------------------

--
-- Table structure for table `property_unit`
--

CREATE TABLE `property_unit` (
  `property_unit_id` varchar(255) NOT NULL,
  `property_id` varchar(255) NOT NULL,
  `property_unit_name` varchar(255) NOT NULL,
  `property_unit_description` text DEFAULT NULL,
  `property_unit_price` float(10,2) NOT NULL,
  `property_unit_type` varchar(255) NOT NULL,
  `property_unit_date_created` datetime NOT NULL DEFAULT current_timestamp()
) ENGINE=InnoDB DEFAULT CHARSET=utf8mb4 COLLATE=utf8mb4_unicode_ci;

--
-- Dumping data for table `property_unit`
--

INSERT INTO `property_unit` (`property_unit_id`, `property_id`, `property_unit_name`, `property_unit_description`, `property_unit_price`, `property_unit_type`, `property_unit_date_created`) VALUES
('UNT202405058pwxqYA', 'APP20240504ZA2RxM3', 'Unit 2', NULL, 300.00, 'One_Bedroom', '2024-05-05 14:03:59'),
('UNT20240505H2S5bTy', 'APP20240504ZA2RxM3', 'Unit 1', NULL, 200.00, 'Bedsitter', '2024-05-05 14:03:59'),
('UNT202405064kD62PW', 'APP202405068PM1kDu', 'Anna Unit 1', NULL, 300.00, 'One_Bedroom', '2024-05-06 16:39:13'),
('UNT20240506E7z0prW', 'APP20240506hExZ3OM', 'Office Space', NULL, 50000.00, 'One_Bedroom', '2024-05-06 18:50:56'),
('UNT20240506GQX2PuI', 'APP20240506hExZ3OM', 'Three Bedroom', NULL, 60000.00, 'Three_Bedrooms', '2024-05-06 18:50:56'),
('UNT20240506ZNyOuni', 'APP202405068PM1kDu', 'Anna Unit 2', NULL, 500.00, 'Two_Bedrooms', '2024-05-06 16:39:13'),
('UNT20240507K4Lfs8n', 'APP20240503h7o1wxG', '2B', NULL, 50000.00, 'Two_Bedrooms', '2024-05-07 10:09:49'),
('UNT20240507lZEpVne', 'APP20240504TnEX3sj', 'One Bedroom', NULL, 25000.00, 'One_Bedroom', '2024-05-07 10:05:24'),
('UNT20240507oLJbFCM', 'APP20240504TnEX3sj', 'Two Bedroom', NULL, 35000.00, 'Two_Bedrooms', '2024-05-07 10:05:24'),
('UNT20240507QiydL0q', 'APP20240503h7o1wxG', '1B', NULL, 40000.00, 'One_Bedroom', '2024-05-07 10:09:49'),
('UNT20240507tVZk4iz', 'APP20240504TnEX3sj', 'Bedsitter', NULL, 17000.00, 'Bedsitter', '2024-05-07 10:05:24');

-- --------------------------------------------------------

--
-- Table structure for table `regulation`
--

CREATE TABLE `regulation` (
  `regulation_id` varchar(111) NOT NULL,
  `regulation_name` varchar(255) NOT NULL,
  `regulation_date_created` datetime NOT NULL DEFAULT current_timestamp()
) ENGINE=InnoDB DEFAULT CHARSET=latin1 COLLATE=latin1_swedish_ci;

--
-- Dumping data for table `regulation`
--

INSERT INTO `regulation` (`regulation_id`, `regulation_name`, `regulation_date_created`) VALUES
('REG1', 'Check in after midnight', '2023-01-12 17:09:24'),
('REG2', 'Check in after 11pm', '2023-01-12 17:09:09'),
('REG3', 'No Pets', '2023-01-12 17:06:01'),
('REG4', 'No Smoking', '2023-01-12 17:09:34'),
('REG5', 'No Parties', '2023-01-12 17:05:38');

-- --------------------------------------------------------

--
-- Table structure for table `request`
--

CREATE TABLE `request` (
  `request_id` varchar(255) NOT NULL,
  `user_id` varchar(255) NOT NULL,
  `property_id` varchar(255) NOT NULL,
  `property_unit_id` varchar(255) DEFAULT NULL,
  `amount_figures` int(11) NOT NULL,
  `preferred_date` int(11) DEFAULT NULL,
  `starting_from` date DEFAULT NULL,
  `end_date` date DEFAULT NULL,
  `request_check_in` date NOT NULL,
  `request_check_out` date DEFAULT NULL,
  `request_date_created` datetime NOT NULL DEFAULT current_timestamp()
) ENGINE=InnoDB DEFAULT CHARSET=utf8mb4 COLLATE=utf8mb4_unicode_ci;

--
-- Dumping data for table `request`
--

INSERT INTO `request` (`request_id`, `user_id`, `property_id`, `property_unit_id`, `amount_figures`, `preferred_date`, `starting_from`, `end_date`, `request_check_in`, `request_check_out`, `request_date_created`) VALUES
('0d1TrCy', 't3JCHT8PK5F', 'APP20240504TnEX3sj', 'UNT20240507tVZk4iz', 0, 5, '2024-07-31', NULL, '2024-07-05', NULL, '2024-06-24 17:48:02'),
('0fFoZn5', 'FBZdwEa9Gx1', 'APP20240503h7o1wxG', 'UNT20240507K4Lfs8n', 0, 6, '2024-09-06', '2024-10-12', '2024-09-09', NULL, '2024-09-09 09:19:14'),
('0JVSWvy', 'FBZdwEa9Gx1', 'APP20240503h7o1wxG', 'UNT20240507K4Lfs8n', 50000, 9, '2024-09-09', '2024-09-26', '2024-09-09', NULL, '2024-09-09 09:50:09'),
('4NEPxcC', 'FBZdwEa9Gx1', 'APP20240503h7o1wxG', 'UNT20240507K4Lfs8n', 50000, 9, '2024-09-09', '2024-09-26', '2024-09-09', NULL, '2024-09-09 10:14:39'),
('6f4uA0H', 't3JCHT8PK5F', 'APP20240504TnEX3sj', 'UNT20240507lZEpVne', 0, 5, '2024-07-05', NULL, '2024-07-05', NULL, '2024-07-01 20:01:02'),
('9B1PRAg', 'FBZdwEa9Gx1', 'APP20240504TnEX3sj', 'UNT20240507oLJbFCM', 0, 1, '2024-07-30', NULL, '2024-09-07', NULL, '2024-08-26 12:01:12'),
('ad3LKMS', 't3JCHT8PK5F', 'APP20240504ZA2RxM3', 'UNT202405058pwxqYA', 0, 23, '2024-07-29', NULL, '2024-07-29', NULL, '2024-07-29 14:20:20'),
('ahw9ykK', 'FBZdwEa9Gx1', 'APP20240503h7o1wxG', 'UNT20240507QiydL0q', 40000, 9, '2024-09-09', '2024-09-26', '2024-09-09', NULL, '2024-09-09 10:25:11'),
('FkHzA3i', 'FBZdwEa9Gx1', 'APP20240503h7o1wxG', 'UNT20240507K4Lfs8n', 50000, 2, '2024-09-02', '2024-09-25', '2024-09-10', NULL, '2024-09-10 10:09:47'),
('HCjsXNf', 'FBZdwEa9Gx1', 'APP20240503h7o1wxG', 'UNT20240507QiydL0q', 40000, 9, '2024-09-09', '2024-09-26', '2024-09-09', NULL, '2024-09-09 09:52:58'),
('IjmzfEk', 'FBZdwEa9Gx1', 'APP20240503h7o1wxG', 'UNT20240507QiydL0q', 0, 6, '2024-09-06', '2024-10-12', '2024-09-09', NULL, '2024-09-09 09:11:23'),
('MzSsEDB', 'FBZdwEa9Gx1', 'APP20240504TnEX3sj', 'UNT20240507lZEpVne', 25000, 2, '2024-09-02', '2024-10-03', '2024-09-06', NULL, '2024-09-10 13:40:48'),
('Nf1q8oF', 'FBZdwEa9Gx1', 'APP20240504TnEX3sj', 'UNT20240507lZEpVne', 0, 1, '2024-08-09', NULL, '2024-08-09', NULL, '2024-08-06 12:09:38'),
('PcILyg4', 'FBZdwEa9Gx1', 'APP20240503h7o1wxG', 'UNT20240507K4Lfs8n', 50000, 2, '2024-09-02', '2024-09-25', '2024-09-10', NULL, '2024-09-10 10:10:47'),
('RhrmU36', '8lNcmigCHfn', 'APP20240504TnEX3sj', 'UNT20240507tVZk4iz', 17000, 11, '2024-09-11', '2025-09-30', '2024-09-12', NULL, '2024-09-10 13:36:06'),
('swb9pmT', '8lNcmigCHfn', 'APP20240504TnEX3sj', 'UNT20240507lZEpVne', 25000, 10, '2024-09-10', '2025-12-31', '2024-09-10', NULL, '2024-09-10 11:09:25'),
('wA4fFkK', 'FBZdwEa9Gx1', 'APP20240503h7o1wxG', 'UNT20240507K4Lfs8n', 50000, 2, '2024-09-02', '2024-09-25', '2024-09-10', NULL, '2024-09-10 10:01:30'),
('XtycPen', 'FBZdwEa9Gx1', 'APP20240503h7o1wxG', 'UNT20240507K4Lfs8n', 0, 6, '2024-09-06', '2024-10-12', '2024-09-09', NULL, '2024-09-09 09:18:13'),
('ys7Zn8J', 'O4SzKMjwBGt', 'APP20240504TnEX3sj', 'UNT20240507lZEpVne', 25000, 11, '2024-09-11', '2025-02-28', '2024-09-10', NULL, '2024-09-10 09:59:53'),
('ziZajGW', 'FBZdwEa9Gx1', 'APP20240503h7o1wxG', 'UNT20240507K4Lfs8n', 0, 6, '2024-09-06', '2024-10-12', '2024-09-09', NULL, '2024-09-09 09:07:03'),
('zygKiGe', 'FBZdwEa9Gx1', 'APP20240506hExZ3OM', 'UNT20240506E7z0prW', 0, 1, '2024-08-27', NULL, '2024-08-28', NULL, '2024-08-26 12:15:57');

-- --------------------------------------------------------

--
-- Table structure for table `service`
--

CREATE TABLE `service` (
  `service_id` varchar(255) NOT NULL,
  `service_name` varchar(255) NOT NULL,
  `service_price` float(10,2) NOT NULL,
  `service_category` varchar(255) NOT NULL,
  `service_image` varchar(255) NOT NULL DEFAULT 'default.png',
  `service_date_created` datetime NOT NULL DEFAULT current_timestamp()
) ENGINE=InnoDB DEFAULT CHARSET=utf8mb4 COLLATE=utf8mb4_general_ci;

--
-- Dumping data for table `service`
--

INSERT INTO `service` (`service_id`, `service_name`, `service_price`, `service_category`, `service_image`, `service_date_created`) VALUES
('SER202409151OEfZjT', 'Mani Kids', 1200.00, 'nails', 'TherapyImage20240915at055152pmojigkcnz.jpeg', '2024-09-15 17:57:35'),
('SER2024091524JnA8m', 'Manicure', 1500.00, 'nails', 'TherapyImage20240915at055152pmojigkcnz.jpeg', '2024-09-15 17:54:48'),
('SER202409152a', 'Basic Facial', 4500.00, 'facial', 'TherapyImage20240915at034059pm3bipr14k.jpeg', '2024-09-15 15:41:59'),
('SER202409152c', 'Hydrating Facial', 6500.00, 'facial', 'TherapyImage20240915at034059pm3bipr14k.jpeg', '2024-09-15 15:42:59'),
('SER202409152d', 'Brightening Facial', 6500.00, 'facial', 'TherapyImage20240915at034059pm3bipr14k.jpeg', '2024-09-15 15:43:59'),
('SER202409152g', 'Microdermabrasion', 7000.00, 'facial', 'TherapyImage20240915at034059pm3bipr14k.jpeg', '2024-09-15 15:50:59'),
('SER202409152h', 'Skin Analysis + Consultation', 2000.00, 'facial', 'TherapyImage20240915at034059pm3bipr14k.jpeg', '2024-09-15 15:51:59'),
('SER202409152i', 'LED', 1000.00, 'facial', 'TherapyImage20240915at034059pm3bipr14k.jpeg', '2024-09-15 15:52:59'),
('SER202409152YueMTx', 'Vajacial', 3500.00, 'facial', 'TherapyImage20240915at034059pm3bipr14k.jpeg', '2024-09-15 15:40:59'),
('SER202409153b', 'Hydrafacial', 9000.00, 'facial', 'TherapyImage20240915at034059pm3bipr14k.jpeg', '2024-09-15 15:42:59'),
('SER202409153e', 'Anti-Aging Facial', 8000.00, 'facial', 'TherapyImage20240915at034059pm3bipr14k.jpeg', '2024-09-15 15:44:59'),
('SER202409153f', 'Dermaplanning', 6000.00, 'facial', 'TherapyImage20240915at034059pm3bipr14k.jpeg', '2024-09-15 15:47:59'),
('SER202409153j', 'High Frequency', 1000.00, 'facial', 'TherapyImage20240915at034059pm3bipr14k.jpeg', '2024-09-15 15:53:59'),
('SER202409153k', 'Dermaplane', 8000.00, 'facial', 'TherapyImage20240915at034059pm3bipr14k.jpeg', '2024-09-15 15:53:59'),
('SER202409153XXXXX', 'Armcial', 3000.00, 'facial', 'TherapyImage20240915at034059pm3bipr14k.jpeg', '2024-09-15 15:39:59'),
('SER2024091550TZH3E', 'Soak Off', 500.00, 'nails', 'TherapyImage20240915at055152pmojigkcnz.jpeg', '2024-09-15 17:56:39'),
('SER20240915546LSAm', 'Gum Gel Without Tips', 4500.00, 'nails', 'TherapyImage20240915at055152pmojigkcnz.jpeg', '2024-09-15 17:53:57'),
('SER202409157tlSgRF', 'Back Scrub', 3000.00, 'body scrub', 'PsychImage20240915at055957pmv13yejhs.jpeg', '2024-09-15 18:00:19'),
('SER20240915HMsi3hU', 'Kids Pedicure', 1500.00, 'nails', 'TherapyImage20240915at055152pmojigkcnz.jpeg', '2024-09-15 17:56:50'),
('SER20240915LKEDmn7', 'Mani+Pedi Kids', 2500.00, 'nails', 'TherapyImage20240915at055152pmojigkcnz.jpeg', '2024-09-15 17:57:12'),
('SER20240915mvC27rS', 'Builder Gel With Tips', 3500.00, 'nails', 'TherapyImage20240915at055152pmojigkcnz.jpeg', '2024-09-15 17:51:52'),
('SER20240915oHinNOZ', 'Overlay', 4000.00, 'nails', 'TherapyImage20240915at055152pmojigkcnz.jpeg', '2024-09-15 17:53:19'),
('SER20240915OrltkZw', 'Full Body Moroccan Bath', 5500.00, 'body scrub', 'PsychImage20240915at055957pmv13yejhs.jpeg', '2024-09-15 17:59:57'),
('SER20240915pfOq5DN', 'Normal Polish', 800.00, 'nails', 'TherapyImage20240915at055152pmojigkcnz.jpeg', '2024-09-15 17:56:23'),
('SER20240915Qj8ZJEc', 'Jelly Pedicure', 3500.00, 'nails', 'TherapyImage20240915at055152pmojigkcnz.jpeg', '2024-09-15 17:55:24'),
('SER20240915QtoXjYS', 'Gum Gel With Tips', 4000.00, 'nails', 'TherapyImage20240915at055152pmojigkcnz.jpeg', '2024-09-15 17:53:39'),
('SER20240915rwEk4yU', 'Paraffin Pedicure', 4000.00, 'nails', 'TherapyImage20240915at055152pmojigkcnz.jpeg', '2024-09-15 17:56:05'),
('SER20240915SYotCnu', 'body scrub', 5000.00, 'body scrub', 'PsychImage20240915at055957pmv13yejhs.jpeg', '2024-09-15 18:00:07'),
('SER20240915vGQYKcH', 'Pedicure', 2500.00, 'nails', 'TherapyImage20240915at055152pmojigkcnz.jpeg', '2024-09-15 17:54:58'),
('SER20240915x11', 'Upper Lip (Face)', 500.00, 'waxing', 'MentalImage20240915at053426pmvtxuagy4.jpeg', '2024-09-15 17:03:26'),
('SER20240915x21', 'Brows', 500.00, 'waxing', 'MentalImage20240915at053426pmvtxuagy4.jpeg', '2024-09-15 17:04:06'),
('SER20240915x31', 'Half Legs', 2000.00, 'waxing', 'MentalImage20240915at053426pmvtxuagy4.jpeg', '2024-09-15 17:55:26'),
('SER20240915x4', 'Full Body Wax', 15000.00, 'waxing', 'MentalImage20240915at053426pmvtxuagy4.jpeg', '2024-09-15 17:48:27'),
('SER20240915x5', 'Full Arms', 2000.00, 'waxing', 'MentalImage20240915at053426pmvtxuagy4.jpeg', '2024-09-15 17:40:26'),
('SER20240915x6', 'Chest', 1500.00, 'waxing', 'MentalImage20240915at053426pmvtxuagy4.jpeg', '2024-09-15 17:35:28'),
('SER20240915x7', 'Back', 3000.00, 'waxing', 'MentalImage20240915at053426pmvtxuagy4.jpeg', '2024-09-15 17:01:26'),
('SER20240915xt0R1Pw', 'Underarm', 1000.00, 'waxing', 'MentalImage20240915at053426pmvtxuagy4.jpeg', '2024-09-15 17:33:26'),
('SER20240915zhwfFmX', 'Plain Gel', 1000.00, 'nails', 'TherapyImage20240915at055152pmojigkcnz.jpeg', '2024-09-15 17:54:32');

-- --------------------------------------------------------

--
-- Table structure for table `standing_order`
--

CREATE TABLE `standing_order` (
  `id` int(11) NOT NULL,
  `order_id` varchar(255) NOT NULL,
  `reference` varchar(255) NOT NULL,
  `user_id` int(11) DEFAULT NULL,
  `amount` decimal(10,2) DEFAULT NULL,
  `status` varchar(50) NOT NULL,
  `transaction_id` varchar(255) DEFAULT NULL,
  `msisdn` varchar(20) DEFAULT NULL,
  `response_code` varchar(10) DEFAULT NULL,
  `response_description` text DEFAULT NULL,
  `standing_order_date_created` datetime DEFAULT current_timestamp(),
  `standing_order_date_updated` datetime DEFAULT current_timestamp() ON UPDATE current_timestamp()
) ENGINE=InnoDB DEFAULT CHARSET=utf8mb4 COLLATE=utf8mb4_unicode_ci;

--
-- Dumping data for table `standing_order`
--

INSERT INTO `standing_order` (`id`, `order_id`, `reference`, `user_id`, `amount`, `status`, `transaction_id`, `msisdn`, `response_code`, `response_description`, `standing_order_date_created`, `standing_order_date_updated`) VALUES
(1, '56d6ee88-c5f5-4b87-b48a-6907511b65ba', '56d6ee88-c5f5-4b87-b48a-6907511b65ba', NULL, NULL, 'OKAY', 'SI9IYMCOC4', '254794802072', '0', 'The service request is processed successfully.', '2024-09-09 10:25:22', '2024-09-09 10:25:22'),
(2, 'c751403a-d7cb-4684-a1d7-b0dde5ba6495', 'c751403a-d7cb-4684-a1d7-b0dde5ba6495', NULL, NULL, 'ERROR', '0000000000', '254794802072', '1037', 'Internal Server Exception', '2024-09-10 10:01:51', '2024-09-10 10:01:51'),
(3, '6315d0a3-b178-4fd1-bc88-c22270d1f51f', '6315d0a3-b178-4fd1-bc88-c22270d1f51f', NULL, NULL, 'ERROR', '0000000000', '254794802072', '1037', 'Internal Server Exception', '2024-09-10 10:09:53', '2024-09-10 10:09:53'),
(4, '633e33e5-6d27-4396-adfa-3d179b753956', '633e33e5-6d27-4396-adfa-3d179b753956', NULL, NULL, 'ERROR', '0000000000', '254794802072', '1037', 'Internal Server Exception', '2024-09-10 10:11:12', '2024-09-10 10:11:12'),
(5, '386123fa-5c4a-414e-8fcc-7397fb83b6db', '386123fa-5c4a-414e-8fcc-7397fb83b6db', NULL, NULL, 'ERROR', 'SIA0000000', '254794802072', '1005', 'The element null is invalid.', '2024-09-10 13:40:57', '2024-09-10 13:40:57');

-- --------------------------------------------------------

--
-- Table structure for table `structural`
--

CREATE TABLE `structural` (
  `structural_id` varchar(255) NOT NULL,
  `structural_name` varchar(255) NOT NULL,
  `structural_email` varchar(255) NOT NULL,
  `structural_phone` varchar(255) DEFAULT NULL,
  `structural_password` varchar(255) NOT NULL,
  `structural_dob` date DEFAULT NULL,
  `property_id` text DEFAULT NULL,
  `structural_image` varchar(255) DEFAULT NULL,
  `structural_passport` varchar(255) DEFAULT NULL,
  `structural_kra` varchar(255) DEFAULT NULL,
  `kin_name` varchar(255) DEFAULT NULL,
  `kin_phone` varchar(255) DEFAULT NULL,
  `structural_status` enum('active','inactive') NOT NULL DEFAULT 'active',
  `role` enum('senior','junior','','') NOT NULL,
  `structural_date_created` datetime NOT NULL DEFAULT current_timestamp()
) ENGINE=InnoDB DEFAULT CHARSET=latin1 COLLATE=latin1_swedish_ci;

--
-- Dumping data for table `structural`
--

INSERT INTO `structural` (`structural_id`, `structural_name`, `structural_email`, `structural_phone`, `structural_password`, `structural_dob`, `property_id`, `structural_image`, `structural_passport`, `structural_kra`, `kin_name`, `kin_phone`, `structural_status`, `role`, `structural_date_created`) VALUES
('cjQJEFq', 'Meshack Yegon', 'meshackyegon09@gmail.com', '254722617737', '$2y$11$2qTrRwBV5Wo8H2sJCHaZquglY6zKg30jmGPxB/MNB3pftCNBI5cIG', '2000-09-12', NULL, 'PsychImage20250222at043449pm0c6j7e8u.jpg', '1234567890', 'A123456789b', 'Mercy Lerionka', '254722805979', 'inactive', 'senior', '2025-02-22 15:15:32');

-- --------------------------------------------------------

--
-- Table structure for table `user`
--

CREATE TABLE `user` (
  `user_id` varchar(30) NOT NULL,
  `user_name` varchar(255) NOT NULL,
  `user_email` varchar(255) NOT NULL,
  `user_phone` varchar(255) DEFAULT NULL,
  `user_password` varchar(255) DEFAULT NULL,
  `user_image` varchar(255) DEFAULT 'user.png',
  `user_passport` varchar(255) DEFAULT NULL,
  `user_dob` date DEFAULT NULL,
  `kin_name` varchar(255) DEFAULT NULL,
  `kin_phone` varchar(255) DEFAULT NULL,
  `added_by` varchar(255) DEFAULT NULL,
  `user_kra` varchar(255) DEFAULT NULL,
  `preferred_date` int(11) DEFAULT NULL,
  `property_id` text DEFAULT NULL,
  `user_date_created` datetime NOT NULL DEFAULT current_timestamp()
) ENGINE=InnoDB DEFAULT CHARSET=latin1 COLLATE=latin1_swedish_ci;

--
-- Dumping data for table `user`
--

INSERT INTO `user` (`user_id`, `user_name`, `user_email`, `user_phone`, `user_password`, `user_image`, `user_passport`, `user_dob`, `kin_name`, `kin_phone`, `added_by`, `user_kra`, `preferred_date`, `property_id`, `user_date_created`) VALUES
('USR20250222I123x4O', 'victor', 'victor@gmail.com', '254722617737', '$2y$11$QlX1upYXbTtUhq7pBKchMe9AqcZjIbf0oAQ/rjUinEfnUrBfQI2Wm', 'user.png', '38586125', '2001-09-12', 'Emmanuel', '0722617301', 'admin', 'A014612769B', NULL, NULL, '2025-02-22 23:23:08'),
('USR20250222nVscMZI', 'meshack Kipkoech', 'meshackyegon@gmail.com', '254722617737', '$2y$11$P8GIHyal2r3wD1repDxJYeG9tWGi9qKUD9ldpK8/W1t4ZhHBR3Nr.', 'PsychImage20250222at014821pmv42bst71.png', '38586125', '2001-09-12', 'Mercy Lerionka', '254722805979', 'self', 'A014612769B', NULL, NULL, '2025-02-22 11:56:42');

--
-- Indexes for dumped tables
--

--
-- Indexes for table `admin`
--
ALTER TABLE `admin`
  ADD PRIMARY KEY (`admin_id`);

--
-- Indexes for table `amenities`
--
ALTER TABLE `amenities`
  ADD PRIMARY KEY (`amenities_id`);

--
-- Indexes for table `architect`
--
ALTER TABLE `architect`
  ADD PRIMARY KEY (`architect_id`);

--
-- Indexes for table `banner`
--
ALTER TABLE `banner`
  ADD PRIMARY KEY (`banner_id`),
  ADD KEY `banner_ibfk_1` (`property_id`);

--
-- Indexes for table `bedroom`
--
ALTER TABLE `bedroom`
  ADD PRIMARY KEY (`bedroom_id`);

--
-- Indexes for table `booking`
--
ALTER TABLE `booking`
  ADD PRIMARY KEY (`booking_id`);

--
-- Indexes for table `bookings`
--
ALTER TABLE `bookings`
  ADD PRIMARY KEY (`booking_id`);

--
-- Indexes for table `book_visit`
--
ALTER TABLE `book_visit`
  ADD PRIMARY KEY (`book_visit_id`);

--
-- Indexes for table `callback`
--
ALTER TABLE `callback`
  ADD PRIMARY KEY (`callback_id`),
  ADD KEY `callback_ibfk_1` (`property_id`);

--
-- Indexes for table `check_in_image`
--
ALTER TABLE `check_in_image`
  ADD PRIMARY KEY (`check_in_image_id`),
  ADD KEY `rentee_id` (`rentee_id`);

--
-- Indexes for table `currency`
--
ALTER TABLE `currency`
  ADD PRIMARY KEY (`currency_id`);

--
-- Indexes for table `electrical`
--
ALTER TABLE `electrical`
  ADD PRIMARY KEY (`electrical_id`);

--
-- Indexes for table `expense`
--
ALTER TABLE `expense`
  ADD PRIMARY KEY (`expense_id`);

--
-- Indexes for table `expense_category`
--
ALTER TABLE `expense_category`
  ADD PRIMARY KEY (`expense_category_id`);

--
-- Indexes for table `featured_property`
--
ALTER TABLE `featured_property`
  ADD PRIMARY KEY (`featured_property_id`),
  ADD KEY `featured_property_ibfk_1` (`property_id`);

--
-- Indexes for table `features`
--
ALTER TABLE `features`
  ADD PRIMARY KEY (`features_id`),
  ADD KEY `features_ibfk_1` (`property_id`);

--
-- Indexes for table `guard`
--
ALTER TABLE `guard`
  ADD PRIMARY KEY (`guard_id`),
  ADD KEY `guard_ibfk_1` (`property_id`);

--
-- Indexes for table `inquiry`
--
ALTER TABLE `inquiry`
  ADD PRIMARY KEY (`inquiry_id`);

--
-- Indexes for table `invoice`
--
ALTER TABLE `invoice`
  ADD PRIMARY KEY (`invoice_id`),
  ADD KEY `invoice_ibfk_1` (`property_id`),
  ADD KEY `invoice_ibfk_2` (`employee_id`);

--
-- Indexes for table `invoice_item`
--
ALTER TABLE `invoice_item`
  ADD PRIMARY KEY (`invoice_item_id`),
  ADD KEY `invoice_item_ibfk_1` (`invoice_id`);

--
-- Indexes for table `landlord`
--
ALTER TABLE `landlord`
  ADD PRIMARY KEY (`landlord_id`);

--
-- Indexes for table `metadata`
--
ALTER TABLE `metadata`
  ADD PRIMARY KEY (`metadata_id`);

--
-- Indexes for table `password_reset`
--
ALTER TABLE `password_reset`
  ADD PRIMARY KEY (`password_reset_id`);

--
-- Indexes for table `password_token`
--
ALTER TABLE `password_token`
  ADD PRIMARY KEY (`password_token_id`);

--
-- Indexes for table `payment`
--
ALTER TABLE `payment`
  ADD PRIMARY KEY (`payment_id`);

--
-- Indexes for table `payments`
--
ALTER TABLE `payments`
  ADD PRIMARY KEY (`id`),
  ADD UNIQUE KEY `payment_id` (`payment_id`),
  ADD UNIQUE KEY `merchantRequestID` (`merchantRequestID`),
  ADD UNIQUE KEY `checkoutRequestID` (`checkoutRequestID`);

--
-- Indexes for table `project_assignment`
--
ALTER TABLE `project_assignment`
  ADD PRIMARY KEY (`assign_id`);

--
-- Indexes for table `property`
--
ALTER TABLE `property`
  ADD PRIMARY KEY (`property_id`);

--
-- Indexes for table `property_image`
--
ALTER TABLE `property_image`
  ADD PRIMARY KEY (`property_image_id`),
  ADD KEY `property_image_ibfk_1` (`property_id`);

--
-- Indexes for table `property_unit`
--
ALTER TABLE `property_unit`
  ADD PRIMARY KEY (`property_unit_id`);

--
-- Indexes for table `regulation`
--
ALTER TABLE `regulation`
  ADD PRIMARY KEY (`regulation_id`);

--
-- Indexes for table `request`
--
ALTER TABLE `request`
  ADD PRIMARY KEY (`request_id`);

--
-- Indexes for table `service`
--
ALTER TABLE `service`
  ADD PRIMARY KEY (`service_id`);

--
-- Indexes for table `standing_order`
--
ALTER TABLE `standing_order`
  ADD PRIMARY KEY (`id`);

--
-- Indexes for table `structural`
--
ALTER TABLE `structural`
  ADD PRIMARY KEY (`structural_id`);

--
-- Indexes for table `user`
--
ALTER TABLE `user`
  ADD PRIMARY KEY (`user_id`),
  ADD UNIQUE KEY `user_email` (`user_email`);

--
-- AUTO_INCREMENT for dumped tables
--

--
-- AUTO_INCREMENT for table `bookings`
--
ALTER TABLE `bookings`
  MODIFY `booking_id` int(11) NOT NULL AUTO_INCREMENT, AUTO_INCREMENT=250;

--
-- AUTO_INCREMENT for table `currency`
--
ALTER TABLE `currency`
  MODIFY `currency_id` int(11) NOT NULL AUTO_INCREMENT;

--
-- AUTO_INCREMENT for table `payments`
--
ALTER TABLE `payments`
  MODIFY `id` int(11) NOT NULL AUTO_INCREMENT, AUTO_INCREMENT=7;

--
-- AUTO_INCREMENT for table `standing_order`
--
ALTER TABLE `standing_order`
  MODIFY `id` int(11) NOT NULL AUTO_INCREMENT, AUTO_INCREMENT=6;
COMMIT;

/*!40101 SET CHARACTER_SET_CLIENT=@OLD_CHARACTER_SET_CLIENT */;
/*!40101 SET CHARACTER_SET_RESULTS=@OLD_CHARACTER_SET_RESULTS */;
/*!40101 SET COLLATION_CONNECTION=@OLD_COLLATION_CONNECTION */;
