-- phpMyAdmin SQL Dump
-- version 5.2.1
-- https://www.phpmyadmin.net/
--
-- Host: localhost:3306
-- Generation Time: Sep 15, 2024 at 09:16 AM
-- Server version: 8.0.39
-- PHP Version: 8.3.10

SET SQL_MODE = "NO_AUTO_VALUE_ON_ZERO";
START TRANSACTION;
SET time_zone = "+00:00";


/*!40101 SET @OLD_CHARACTER_SET_CLIENT=@@CHARACTER_SET_CLIENT */;
/*!40101 SET @OLD_CHARACTER_SET_RESULTS=@@CHARACTER_SET_RESULTS */;
/*!40101 SET @OLD_COLLATION_CONNECTION=@@COLLATION_CONNECTION */;
/*!40101 SET NAMES utf8mb4 */;

--
-- Database: `rentpesa_rent`
--

-- --------------------------------------------------------

--
-- Table structure for table `admin`
--

CREATE TABLE `admin` (
  `admin_id` varchar(255) NOT NULL,
  `admin_name` varchar(255) NOT NULL,
  `admin_email` varchar(255) NOT NULL,
  `admin_password` varchar(255) NOT NULL,
  `admin_privileges` text,
  `admin_image` varchar(255) DEFAULT NULL,
  `admin_date_created` datetime NOT NULL DEFAULT CURRENT_TIMESTAMP
) ENGINE=InnoDB DEFAULT CHARSET=latin1;

--
-- Dumping data for table `admin`
--

INSERT INTO `admin` (`admin_id`, `admin_name`, `admin_email`, `admin_password`, `admin_privileges`, `admin_image`, `admin_date_created`) VALUES
('ADM20230228JNo0abc', 'RentPesa', 'admin@gmail.com', '$2y$11$NHJnqtVe6MVcEPv90Cahku0cuor/eJA6BdaUnT4.QUPo6SynpcCFy', 'super', NULL, '2023-03-13 11:18:42'),
('ADM20230228JNo0It8', 'Armstrong', 'nicolarealtykenya@gmail.com', '$2y$11$GUshwsFvjwx5/gxuvXbxoO9I.hqaY.SDNe5qKc3JgagFWp95VLnby', 'super', NULL, '2023-02-28 16:25:54'),
('ADM20230228PBHVahz', 'Sharon Darizo', 'darizosharon@gmail.com', '$2y$11$YSDvhnM1clvdxYeUSQao8ek2hYPWr3H7YwgCL47ffR3NUiAn0BOlK', 'standard', NULL, '2023-02-28 17:32:49'),
('ADM20230228pF82tPA', 'Vincent', 'vincentokwaro79@gmail.com', '$2y$11$FRkKiTK7xcKUj5kkS2o8HegmRVJcVpdUY5ULUofu7XnGzdonOZd3q', 'standard', NULL, '2023-02-28 16:31:58'),
('ADM202303069LhQ0oz', 'Richard shiundu', 'richard.shiundu@gmail.com', '$2y$11$FkP1EYmnWQjZPgbfHwGBhecsHJv9zGm/B7GsFjaSXcUO63aInZjJK', 'standard', NULL, '2023-03-06 16:43:21');

-- --------------------------------------------------------

--
-- Table structure for table `amenities`
--

CREATE TABLE `amenities` (
  `amenities_id` varchar(111) NOT NULL,
  `amenities_name` text NOT NULL,
  `amenities_date_created` datetime NOT NULL DEFAULT CURRENT_TIMESTAMP
) ENGINE=InnoDB DEFAULT CHARSET=latin1;

--
-- Dumping data for table `amenities`
--

INSERT INTO `amenities` (`amenities_id`, `amenities_name`, `amenities_date_created`) VALUES
('AME202301133XgsMBl', 'Balcony', '2023-01-12 17:09:24'),
('AME202301138Vgkbev', 'Lift', '2023-01-12 17:09:09'),
('AME20230113bFMpZIm', 'Electric Fence', '2023-01-12 17:06:01'),
('AME20230113FxLGfV6', 'CCTV', '2023-01-12 17:09:34'),
('AME20230113NYh4aId', 'Gym', '2023-01-12 17:05:38'),
('AME20230113pidlXTK', 'Playing Area', '2023-01-12 17:09:16'),
('AME20230113zpn1Sg5', 'Parking', '2023-01-12 17:05:53'),
('AME20230113zY7Mngb', 'Guards', '2023-01-12 17:09:41'),
('AME20230117Jv9DX28', 'Backup Generator', '2023-01-17 02:30:38'),
('AME20230117ktDSPo5', 'Perimeter Wall', '2023-01-17 02:40:10'),
('AME20230222xBmOyaH', 'Family Room', '2023-02-22 12:11:11'),
('AME202302237PMD1LG', 'Servant Quarter', '2023-02-23 17:06:58'),
('AME20230223Hu1Gs2y', 'Gated Community', '2023-02-23 17:07:21'),
('AME20230223iAFqE0S', 'Club House', '2023-02-23 18:45:36'),
('AME20230223OoTZeUb', 'Borehole', '2023-02-23 18:33:21'),
('AME20230223vt34T5g', 'Fitted Kitchen', '2023-02-23 17:04:16'),
('AME20230223WTIf8A1', 'Swimming Pool', '2023-02-23 16:55:54'),
('AME20230228E96epnb', 'electricity', '2023-02-28 16:20:24');

-- --------------------------------------------------------

--
-- Table structure for table `banner`
--

CREATE TABLE `banner` (
  `banner_id` varchar(255) NOT NULL,
  `banner_title` varchar(255) NOT NULL,
  `banner_description` text,
  `banner_poster` text NOT NULL,
  `property_id` varchar(100) DEFAULT NULL,
  `banner_url` text,
  `banner_date_created` datetime NOT NULL DEFAULT CURRENT_TIMESTAMP
) ENGINE=InnoDB DEFAULT CHARSET=latin1;

--
-- Dumping data for table `banner`
--

INSERT INTO `banner` (`banner_id`, `banner_title`, `banner_description`, `banner_poster`, `property_id`, `banner_url`, `banner_date_created`) VALUES
('BNR20230223bJSQi5Y', 'View Our Kiambu Road Town House', '', '2.jpeg', 'APP20230223lNhvaTx', '', '2023-02-23 17:55:12'),
('BNR20230223ZGOPSWT', 'Spectacular Syokimau Town House', '', '3.jpeg', 'APP20230223JskLaFZ', '', '2023-02-23 17:54:03');

-- --------------------------------------------------------

--
-- Table structure for table `bedroom`
--

CREATE TABLE `bedroom` (
  `bedroom_id` varchar(255) NOT NULL,
  `bedroom_name` varchar(255) NOT NULL,
  `bedroom_date_created` datetime NOT NULL DEFAULT CURRENT_TIMESTAMP
) ENGINE=InnoDB DEFAULT CHARSET=utf8mb4 COLLATE=utf8mb4_0900_ai_ci;

--
-- Dumping data for table `bedroom`
--

INSERT INTO `bedroom` (`bedroom_id`, `bedroom_name`, `bedroom_date_created`) VALUES
('Bedsitter', 'Bedsitter', '2024-04-01 14:00:59'),
('Five_Bedrooms', 'Five_Bedrooms', '2024-04-06 14:00:59'),
('Four_Bedrooms', 'Four_Bedrooms', '2024-04-05 14:00:59'),
('One_Bedroom', 'One_Bedroom', '2024-04-02 14:00:59'),
('Seven_Bedrooms', 'Seven_Bedrooms', '2024-04-08 14:00:59'),
('Six_Bedrooms', 'Six_Bedrooms', '2024-04-07 14:00:59'),
('Three_Bedrooms', 'Three_Bedrooms', '2024-04-03 14:00:59'),
('Two_Bedrooms', 'Two_Bedrooms', '2024-04-02 14:01:59');

-- --------------------------------------------------------

--
-- Table structure for table `booking`
--

CREATE TABLE `booking` (
  `booking_id` varchar(255) NOT NULL,
  `user_id` varchar(255) NOT NULL,
  `property_id` varchar(255) NOT NULL,
  `property_unit_id` varchar(255) CHARACTER SET utf8mb4 COLLATE utf8mb4_0900_ai_ci DEFAULT NULL,
  `preferred_date` int DEFAULT NULL,
  `starting_from` date DEFAULT NULL,
  `booking_check_in` date NOT NULL,
  `booking_check_out` date DEFAULT NULL,
  `booking_payment` enum('paid','unpaid') CHARACTER SET utf8mb4 COLLATE utf8mb4_0900_ai_ci NOT NULL DEFAULT 'paid',
  `booking_date_created` datetime NOT NULL DEFAULT CURRENT_TIMESTAMP
) ENGINE=InnoDB DEFAULT CHARSET=utf8mb4 COLLATE=utf8mb4_0900_ai_ci;

--
-- Dumping data for table `booking`
--

INSERT INTO `booking` (`booking_id`, `user_id`, `property_id`, `property_unit_id`, `preferred_date`, `starting_from`, `booking_check_in`, `booking_check_out`, `booking_payment`, `booking_date_created`) VALUES
('0iH2BVUjXhp', '6uY1N4c9VEl', 'APP20240504ZA2RxM3', 'UNT202405058pwxqYA', 5, '2023-03-05', '2023-01-18', NULL, '', '2023-10-10 02:15:12'),
('0s1KvoWQJcj', 'cqbtO30oygT', 'APP202405068PM1kDu', 'UNT20240506ZNyOuni', 5, '2023-03-05', '2023-04-11', NULL, '', '2023-04-10 09:24:29'),
('1C3xrHiJQkT', 'cqbtO30oygT', 'APP202405068PM1kDu', 'UNT20240506ZNyOuni', 5, '2023-03-05', '2023-04-12', NULL, '', '2023-04-10 15:32:02'),
('4vGziprqAZc', 'OsA5miKC0F9', 'APP20240506hExZ3OM', 'UNT20240506E7z0prW', 5, '2023-03-05', '2023-04-13', NULL, 'paid', '2023-04-08 12:49:07'),
('4XFj5qdOHwN', '6ZO1cSDIKJj', 'APP20240504TnEX3sj', 'UNT20240507oLJbFCM', 5, '2023-03-05', '2023-05-11', NULL, '', '2023-05-05 22:53:33'),
('5nQ132fdJMX', '6uY1N4c9VEl', 'APP20240503h7o1wxG', 'UNT20240507K4Lfs8n', 5, '2023-03-05', '2023-02-08', NULL, '', '2023-02-02 09:54:34'),
('6dzTWD0KnMA', 'cqbtO30oygT', 'APP20240504ZA2RxM3', 'UNT202405058pwxqYA', 5, '2023-03-05', '2023-01-11', NULL, 'paid', '2023-01-11 23:30:05'),
('6grFHPsW3R7', 'FpGi0KEPf8Y', 'APP20240504TnEX3sj', 'UNT20240507oLJbFCM', 5, '2023-03-05', '2023-05-07', NULL, '', '2023-05-06 12:01:19'),
('7HgRBTw1ezO', '0jog3yIUCGA', 'APP20240506hExZ3OM', 'UNT20240506E7z0prW', 5, '2023-03-05', '2023-03-31', NULL, '', '2023-03-22 10:00:04'),
('8S45pucGTB7', '0VK7FPymEhq', 'APP20240503h7o1wxG', 'UNT20240507QiydL0q', 5, '2023-03-05', '2023-02-14', NULL, '', '2023-02-14 03:33:54'),
('97GyM6pxlC1', '0VK7FPymEhq', 'APP20240503h7o1wxG', 'UNT20240507K4Lfs8n', 5, '2023-03-05', '2023-02-15', NULL, '', '2023-02-14 00:50:27'),
('A5ghDconeY6', 'cqbtO30oygT', 'APP202405068PM1kDu', 'UNT20240506ZNyOuni', 5, '2023-03-05', '2023-04-10', NULL, '', '2023-04-10 00:02:40'),
('aBwuTsrESd6', '0VK7FPymEhq', 'APP20240503h7o1wxG', 'UNT20240507QiydL0q', 5, '2023-03-05', '2023-02-21', NULL, '', '2023-02-24 13:33:34'),
('aYNtRL9JVEp', 'xso3gzWnRw8', 'APP20240506hExZ3OM', 'UNT20240506E7z0prW', 5, '2023-03-05', '2023-02-17', NULL, '', '2023-02-02 07:25:02'),
('AZ3ovHG24fY', 'cqbtO30oygT', 'APP20240504ZA2RxM3', 'UNT202405058pwxqYA', 5, '2023-03-05', '2023-01-11', NULL, 'paid', '2023-01-26 03:03:42'),
('bIPNKemR5qu', 'McD0GJTydFR', 'APP20240503h7o1wxG', 'UNT20240507K4Lfs8n', 5, '2023-03-05', '2023-02-02', NULL, '', '2023-02-14 03:41:39'),
('BKN202405059g7sInl', 'HvwPW9q', 'APP20240504ZA2RxM3', 'UNT202405058pwxqYA', 5, '2023-03-05', '2024-05-17', NULL, 'paid', '2024-05-05 13:37:13'),
('BKN20240506cOTLGj1', 'USR20240506m5aEW9h', 'APP20240504ZA2RxM3', 'UNT20240505H2S5bTy', 5, '2023-03-05', '2024-05-10', NULL, 'paid', '2024-05-06 12:27:07'),
('BKN20240506mUaSnDe', 'USR20240506NV75qmF', 'APP20240504ZA2RxM3', 'UNT202405058pwxqYA', 5, '2023-03-05', '2024-05-10', NULL, 'paid', '2023-11-13 12:23:32'),
('BKN20240506T8OdwxJ', 'USR20240506FL6eK39', 'APP20240504ZA2RxM3', 'UNT202405058pwxqYA', 5, '2023-03-05', '2024-06-08', NULL, 'paid', '2024-05-06 19:10:56'),
('BKN20240511VHBzjEs', 't3JCHT8PK5F', 'APP202405068PM1kDu', 'UNT202405064kD62PW', 1, '2024-05-17', '2024-05-18', NULL, 'paid', '2024-05-11 15:34:57'),
('BKN20240514MnelaNG', 't3JCHT8PK5F', 'APP20240504TnEX3sj', 'UNT20240507lZEpVne', 12, '2024-06-06', '2024-05-18', NULL, 'paid', '2024-05-14 10:19:44'),
('BKN20240515MzQ9IiG', 't3JCHT8PK5F', 'APP20240504TnEX3sj', 'UNT20240507tVZk4iz', 6, '2024-06-06', '2024-05-25', NULL, 'paid', '2024-05-15 10:36:16'),
('BKN20240515TEUylWb', 't3JCHT8PK5F', 'APP20240504TnEX3sj', 'UNT20240507lZEpVne', 27, '2024-06-30', '2024-05-28', NULL, 'paid', '2024-05-15 09:59:57'),
('BKN20240515ZnbHthp', 't3JCHT8PK5F', 'APP20240504TnEX3sj', 'UNT20240507lZEpVne', 6, '2024-06-06', '2024-05-30', NULL, 'paid', '2024-05-15 12:42:52'),
('BKN202405216Et98ya', 't3JCHT8PK5F', 'APP20240506hExZ3OM', 'UNT20240506E7z0prW', 31, '2024-06-02', '2024-05-31', NULL, 'paid', '2024-05-21 10:37:03'),
('BKN20240521EI8pWGx', 't3JCHT8PK5F', 'APP20240506hExZ3OM', 'UNT20240506E7z0prW', 6, '2024-06-06', '2024-06-02', NULL, 'paid', '2024-05-21 09:35:19'),
('BKN2024052710G6rU9', 'USR20240526mRsQZj6', 'APP20240506hExZ3OM', 'UNT20240506E7z0prW', 12, '2024-05-24', '2024-05-24', NULL, 'paid', '2024-05-27 00:34:14'),
('BKN20240527IVUeMpy', 'USR20240526mRsQZj6', 'APP20240506hExZ3OM', 'UNT20240506E7z0prW', 12, '2024-05-24', '2024-05-24', NULL, 'paid', '2024-05-27 00:34:29'),
('Bxs58Nz134A', '0jog3yIUCGA', 'APP20240504ZA2RxM3', 'UNT202405058pwxqYA', 5, '2023-03-05', '2023-01-11', NULL, '', '2023-01-06 09:46:32'),
('cDXfrmQqs0M', '0VK7FPymEhq', 'APP20240504TnEX3sj', 'UNT20240507oLJbFCM', 5, '2023-03-05', '2023-05-24', NULL, 'paid', '2023-05-08 17:50:11'),
('cnJCRK89eSD', 'O4SzKMjwBGt', 'APP20240504TnEX3sj', 'UNT20240507oLJbFCM', 5, '2023-03-05', '2023-05-08', NULL, '', '2023-05-08 08:29:39'),
('CPwyxdFNf2e', 'iAFH139ek8q', 'APP20240504TnEX3sj', 'UNT20240507oLJbFCM', 5, '2023-03-05', '2023-05-11', NULL, '', '2023-05-08 20:09:08'),
('CTO9wsDINvf', '0VK7FPymEhq', 'APP20240504TnEX3sj', 'UNT20240507oLJbFCM', 5, '2023-03-05', '2023-05-17', NULL, '', '2023-05-08 17:52:09'),
('cWhkdbjF6Pi', '0VK7FPymEhq', 'APP20240504TnEX3sj', 'UNT20240507oLJbFCM', 5, '2023-03-05', '2023-05-09', NULL, '', '2023-05-09 19:56:06'),
('Df3GkFy79BM', 'FdaVCtQgAK5', 'APP20240503h7o1wxG', 'UNT20240507K4Lfs8n', 5, '2023-03-05', '2023-02-21', NULL, '', '2023-02-20 21:44:21'),
('DoWxAZqcNyE', 'cqbtO30oygT', 'APP202405068PM1kDu', 'UNT20240506ZNyOuni', 5, '2023-03-05', '2023-04-15', NULL, '', '2023-04-08 16:44:24'),
('E12rfPnDSWI', 'W1g72jy0FAe', 'APP20240504TnEX3sj', 'UNT20240507lZEpVne', 5, '2023-03-05', '2023-04-30', NULL, '', '2023-04-29 17:14:32'),
('e1nYwQdi7O0', 'iWzTcjOEhXx', 'APP20240504TnEX3sj', 'UNT20240507lZEpVne', 5, '2023-03-05', '2023-05-08', NULL, '', '2023-05-08 17:12:53'),
('e8znfxmd0NY', '0jog3yIUCGA', 'APP20240506hExZ3OM', 'UNT20240506E7z0prW', 5, '2023-03-05', '2023-05-09', NULL, 'paid', '2023-05-08 15:55:31'),
('eDLmYuOqc7T', '0VK7FPymEhq', 'APP20240504TnEX3sj', 'UNT20240507oLJbFCM', 5, '2023-03-05', '2023-05-05', NULL, '', '2023-05-05 19:44:43'),
('eKXk0pV9U2m', 'oJtHC1p48sF', 'APP20240504TnEX3sj', 'UNT20240507oLJbFCM', 5, '2023-03-05', '2023-03-08', NULL, '', '2023-03-07 13:16:03'),
('EovO619zTwC', 'cqbtO30oygT', 'APP202405068PM1kDu', 'UNT20240506ZNyOuni', 5, '2023-03-05', '2023-04-18', NULL, '', '2023-04-08 16:46:53'),
('FbSrlzLQ6f3', '6uY1N4c9VEl', 'APP20240503h7o1wxG', 'UNT20240507K4Lfs8n', 5, '2023-03-05', '2023-03-06', NULL, '', '2023-02-27 12:15:00'),
('feBm2c9OWk6', 'FdaVCtQgAK5', 'APP20240504TnEX3sj', 'UNT20240507lZEpVne', 5, '2023-03-05', '2023-02-27', NULL, '', '2023-02-24 13:43:17'),
('fiboKQOCT9s', 'aLdFUHYmISu', 'APP20240504ZA2RxM3', 'UNT202405058pwxqYA', 5, '2023-03-05', '2023-01-11', NULL, '', '2023-01-17 10:10:46'),
('FkmAaejC46E', 'ILUDcQso5w9', 'APP20240503h7o1wxG', 'UNT20240507QiydL0q', 5, '2023-03-05', '2023-02-27', NULL, '', '2023-02-27 14:08:53'),
('FsCRnJNlpOo', 'q9cS2voZRNs', 'APP20240504ZA2RxM3', 'UNT202405058pwxqYA', 5, '2023-03-05', '2023-01-02', NULL, 'paid', '2022-12-30 02:13:23'),
('g6zGxSsAKTP', 'eMn0YzbGv24', 'APP20240504TnEX3sj', 'UNT20240507lZEpVne', 5, '2023-03-05', '2023-03-25', NULL, '', '2023-03-14 14:22:19'),
('goW4nvhQGxE', 'rYBxskOQ81d', 'APP20240504TnEX3sj', 'UNT20240507lZEpVne', 5, '2023-03-05', '2023-03-08', NULL, '', '2023-03-07 13:29:20'),
('hbTp2uWeUnf', 'haoG90S1fpe', 'APP20240504ZA2RxM3', 'UNT202405058pwxqYA', 5, '2023-03-05', '2022-12-26', NULL, 'paid', '2022-12-23 13:13:25'),
('HD4Qszixa8S', 't3JCHT8PK5F', 'APP20240503h7o1wxG', 'UNT20240507K4Lfs8n', 5, '2023-03-05', '2022-12-02', '2023-03-03', 'paid', '2022-11-29 23:12:01'),
('Hf01yCESJpa', 'xso3gzWnRw8', 'APP20240504ZA2RxM3', 'UNT202405058pwxqYA', 5, '2023-03-05', '2023-01-18', NULL, 'paid', '2023-01-17 01:01:27'),
('hkofqAQa1BS', 'MBI9GsWZp6J', 'APP20240504TnEX3sj', 'UNT20240507oLJbFCM', 5, '2023-03-05', '2023-05-01', NULL, '', '2023-04-29 09:38:47'),
('IOHP19nNkp3', 'GedFz6wxth9', 'APP202405068PM1kDu', 'UNT20240506GQX2PuI', 5, '2023-03-05', '2023-01-18', NULL, '', '2023-01-25 08:00:33'),
('iU2a7s5lZnr', 'cqbtO30oygT', 'APP202405068PM1kDu', 'UNT20240506ZNyOuni', 5, '2023-03-05', '2023-04-10', NULL, '', '2023-04-08 16:31:03'),
('IyNMiCZAk01', '0jog3yIUCGA', 'APP20240506hExZ3OM', 'UNT20240506E7z0prW', 5, '2023-03-05', '2023-05-09', NULL, '', '2023-05-08 16:00:50'),
('IZ4hyKl8uAi', 'T3NqboDua4S', 'APP20240504TnEX3sj', 'UNT20240507oLJbFCM', 5, '2023-03-05', '2022-11-03', NULL, '', '2023-03-10 17:41:02'),
('JjoWBSpAtCs', 'cqbtO30oygT', 'APP20240504ZA2RxM3', 'UNT202405058pwxqYA', 5, '2023-03-05', '2023-01-11', NULL, 'paid', '2023-01-11 09:17:18'),
('Jk5gMD4G0rd', 'cKQukE2aDdS', 'APP20240504ZA2RxM3', 'UNT202405058pwxqYA', 5, '2023-03-05', '2023-05-10', NULL, '', '2023-05-09 19:55:37'),
('kaiQEIU98zT', 'cqbtO30oygT', 'APP20240504ZA2RxM3', 'UNT202405058pwxqYA', 5, '2023-03-05', '2023-01-11', NULL, '', '2023-01-11 09:16:59'),
('kE3ijQLmaf1', 'cqbtO30oygT', 'APP20240504ZA2RxM3', 'UNT202405058pwxqYA', 5, '2023-03-05', '2023-01-09', NULL, 'paid', '2023-01-06 09:12:47'),
('kqzShuOFGVd', 's6HugqmKJbN', 'APP202405068PM1kDu', 'UNT20240506ZNyOuni', 5, '2023-03-05', '2023-04-14', NULL, '', '2023-04-11 10:45:21'),
('Kx7oy820Wes', 'cqbtO30oygT', 'APP20240504ZA2RxM3', 'UNT202405058pwxqYA', 5, '2023-03-05', '2023-01-11', NULL, 'paid', '2023-01-11 08:55:13'),
('LmKdpEPv8wT', '6ZO1cSDIKJj', 'APP20240504TnEX3sj', 'UNT20240507oLJbFCM', 5, '2023-03-05', '2023-05-10', NULL, '', '2023-05-05 22:49:52'),
('LNuPlOR4Khy', 'cqbtO30oygT', 'APP20240504ZA2RxM3', 'UNT202405058pwxqYA', 5, '2023-03-05', '2023-01-11', NULL, '', '2023-01-11 08:46:29'),
('lSihZVDvta8', 'aSzGs7EvBxN', 'APP202405068PM1kDu', 'UNT20240507lZEpVne', 5, '2023-03-05', '2022-12-28', NULL, '', '2022-12-23 12:36:31'),
('m2AnPOYyCv9', 'OsA5miKC0F9', 'APP20240504TnEX3sj', 'UNT20240507lZEpVne', 5, '2023-03-05', '2023-05-15', NULL, '', '2023-05-10 15:55:09'),
('moxMfLO2vZt', 'cqbtO30oygT', 'APP202405068PM1kDu', 'UNT20240506ZNyOuni', 5, '2023-03-05', '2023-04-14', NULL, '', '2023-04-10 15:35:57'),
('nMXgCIbV9H1', 'DGgf4ajClES', 'APP20240504TnEX3sj', 'UNT20240507lZEpVne', 5, '2023-03-05', '2023-03-06', NULL, '', '2023-03-01 13:30:21'),
('nUsGa6NpOHf', '6uY1N4c9VEl', 'APP20240504TnEX3sj', 'UNT20240507lZEpVne', 5, '2023-03-05', '2023-02-27', NULL, '', '2023-02-27 14:10:05'),
('NY4iQAHXK8s', '', 'APP20240506hExZ3OM', 'UNT20240506E7z0prW', 5, '2023-03-05', '2023-05-16', NULL, '', '2023-05-08 16:22:25'),
('OcGMWhEl0Zp', 'cqbtO30oygT', 'APP202405068PM1kDu', 'UNT20240506ZNyOuni', 5, '2023-03-05', '2023-04-15', NULL, '', '2023-04-08 16:55:13'),
('OMdPYqzEAQh', 'haoG90S1fpe', 'APP20240504ZA2RxM3', 'UNT202405058pwxqYA', 5, '2023-03-05', '2023-01-25', NULL, '', '2023-01-24 06:55:18'),
('P79863XWlDx', 'cqbtO30oygT', 'APP202405068PM1kDu', 'UNT20240506ZNyOuni', 5, '2023-03-05', '2023-04-10', NULL, '', '2023-04-08 16:58:54'),
('pMenBDzCh1j', 's6HugqmKJbN', 'APP20240504TnEX3sj', 'UNT20240507lZEpVne', 5, '2023-03-05', '2023-04-16', NULL, '', '2023-04-09 23:59:16'),
('pS3gePYzhy0', 'cqbtO30oygT', 'APP20240503h7o1wxG', 'UNT20240507K4Lfs8n', 5, '2023-03-05', '2023-02-06', NULL, '', '2023-02-09 04:48:37'),
('PSoY6QACrat', 'McD0GJTydFR', 'APP20240503h7o1wxG', 'UNT20240507K4Lfs8n', 5, '2023-03-05', '2023-02-14', NULL, '', '2023-02-14 03:44:54'),
('qH2GeYpK4x3', 'haoG90S1fpe', 'APP20240504ZA2RxM3', 'UNT202405058pwxqYA', 5, '2023-03-05', '2023-01-25', NULL, '', '2023-01-26 03:33:39'),
('qiGy4pMS5WT', 'GedFz6wxth9', 'APP20240504ZA2RxM3', 'UNT202405058pwxqYA', 5, '2023-03-05', '2023-01-18', NULL, '', '2023-01-17 10:05:26'),
('qJAZs4O7cXe', '6uY1N4c9VEl', 'UNT20240506ZNyOuni', 'UNT20240507lZEpVne', 5, '2023-03-05', '2022-12-14', NULL, '', '2022-12-07 04:57:38'),
('QJxAv8h1E36', 'cqbtO30oygT', 'APP20240503h7o1wxG', 'UNT20240507K4Lfs8n', 5, '2023-03-05', '2023-04-12', NULL, '', '2023-04-09 13:34:40'),
('qQZwr9DBnM8', 'LxvTVYXQi3y', 'APP20240506hExZ3OM', 'UNT20240506E7z0prW', 5, '2023-03-05', '2023-03-01', NULL, '', '2023-02-28 13:33:57'),
('Qr74jLwJ5U6', 'haoG90S1fpe', 'APP20240504ZA2RxM3', 'UNT202405058pwxqYA', 5, '2023-03-05', '2022-12-26', NULL, '', '2022-12-23 23:29:38'),
('r1NvDhZVa8j', 'w0pxq1Tnogs', 'APP20240504TnEX3sj', 'UNT20240507oLJbFCM', 5, '2023-03-05', '2023-03-08', NULL, '', '2023-03-07 13:24:50'),
('r1PYonXWVxA', '0VK7FPymEhq', 'APP20240503h7o1wxG', 'UNT20240507QiydL0q', 5, '2023-03-05', '2023-02-20', NULL, '', '2023-02-24 13:35:55'),
('R45Tdu0sxCD', 'Bhm81a7NIHs', 'APP20240504ZA2RxM3', 'UNT202405058pwxqYA', 5, '2023-03-05', '2023-01-11', NULL, '', '2023-01-11 23:27:53'),
('rPzCuSKpRml', 'J51oy6lguEe', 'APP20240504ZA2RxM3', 'UNT202405058pwxqYA', 5, '2023-03-05', '2022-12-12', NULL, 'paid', '2022-12-23 12:02:52'),
('RTFzVUkIv6C', 'dQqDMig8f7r', 'APP20240504TnEX3sj', 'UNT20240507oLJbFCM', 5, '2023-03-05', '2023-04-26', NULL, '', '2023-04-25 15:33:13'),
('SES20230510NjZsBOY', '', 'APP20240504TnEX3sj', 'UNT20240507oLJbFCM', 5, '2023-03-05', '2023-05-13', NULL, '', '2023-05-10 20:03:54'),
('SES20230510usEtPi5', 't3JCHT8PK5F', 'APP20240503h7o1wxG', 'UNT20240507QiydL0q', 5, '2023-03-05', '2023-03-05', '2023-08-08', 'paid', '2023-05-10 19:55:34'),
('SES2023051243oSzwA', 't3JCHT8PK5F', 'APP20240506hExZ3OM', 'UNT20240506GQX2PuI', 5, '2023-03-05', '2023-08-10', '2023-10-10', 'paid', '2023-05-12 11:44:26'),
('SES202305129RYs0Bq', 'USR20230512ougrvlQ', 'APP20240504ZA2RxM3', 'UNT20240505H2S5bTy', 5, '2023-03-05', '2023-05-18', NULL, 'paid', '2023-05-12 18:57:07'),
('SES20230512AiTW2HC', 't3JCHT8PK5F', 'APP202405068PM1kDu', 'UNT20240506ZNyOuni', 5, '2023-03-05', '2023-10-18', '2024-04-30', 'paid', '2023-05-12 12:08:22'),
('SES20230512jSPKmlO', 'USR20230512ougrvlQ', 'APP20240504ZA2RxM3', 'UNT20240505H2S5bTy', 5, '2023-03-05', '2023-05-18', NULL, 'paid', '2023-05-12 18:33:19'),
('SES20230512pkCRrT2', 'OsA5miKC0F9', 'APP20240504TnEX3sj', 'UNT20240507lZEpVne', 5, '2023-03-05', '2023-05-18', NULL, 'paid', '2023-05-12 00:17:43'),
('SES2023052247J91ei', '', 'APP20240504TnEX3sj', 'UNT20240507lZEpVne', 5, '2023-03-05', '2023-05-26', NULL, '', '2023-05-22 23:57:51'),
('SES202305241R3t0ln', 'USR20230524S7pw85F', 'APP20240504TnEX3sj', 'UNT20240507oLJbFCM', 5, '2023-03-05', '2023-05-25', NULL, '', '2023-05-24 14:32:38'),
('SES20230531faOriJ9', '', 'APP20240504ZA2RxM3', 'UNT202405058pwxqYA', 5, '2023-03-05', '2023-05-31', NULL, '', '2023-05-31 00:59:39'),
('SES20230531gFLQndM', '', 'APP20240504TnEX3sj', 'UNT20240507oLJbFCM', 5, '2023-03-05', '2023-05-31', NULL, '', '2023-05-31 10:35:38'),
('SES20230605brWE9tP', 'OsA5miKC0F9', 'APP20240504ZA2RxM3', 'UNT202405058pwxqYA', 5, '2023-03-05', '2023-06-09', NULL, 'paid', '2023-06-05 12:32:40'),
('SES20230605IDHBK2J', 'USR202306055kfTVb0', 'APP20240504ZA2RxM3', 'UNT202405058pwxqYA', 5, '2023-03-05', '2023-06-05', NULL, 'paid', '2023-06-05 12:58:15'),
('SES20230606jBMD5fS', 'O4SzKMjwBGt', 'APP20240504TnEX3sj', 'UNT20240507tVZk4iz', 5, '2023-03-05', '2023-06-06', NULL, 'paid', '2023-06-06 19:28:44'),
('SES20230606YxgZN5z', '', 'APP20240504TnEX3sj', 'UNT20240507tVZk4iz', 5, '2023-03-05', '2023-06-06', NULL, '', '2023-06-06 19:27:28'),
('SES20230608sSXzrt4', '', 'APP20240504ZA2RxM3', 'UNT202405058pwxqYA', 5, '2023-03-05', '2023-06-09', NULL, '', '2023-06-08 15:05:29'),
('SES20230608TQAZt2y', 'USR20230608VhuE5tc', 'APP20240504ZA2RxM3', 'UNT202405058pwxqYA', 5, '2023-03-05', '2023-06-09', NULL, 'paid', '2023-06-08 15:09:56'),
('SES20230609kwGyjzx', 'USR20230609neXZ1vW', 'APP202405068PM1kDu', 'UNT20240506ZNyOuni', 5, '2023-03-05', '2023-06-12', NULL, 'paid', '2023-06-09 19:14:45'),
('SES20230609pbaJl2c', '', 'APP20240504TnEX3sj', 'UNT20240507tVZk4iz', 5, '2023-03-05', '2023-06-09', NULL, '', '2023-06-09 15:37:41'),
('SES20230610WklMDjs', '', 'APP20240504TnEX3sj', 'UNT20240507tVZk4iz', 5, '2023-03-05', '2023-06-10', NULL, '', '2023-06-10 09:44:16'),
('SES20230612a49RK2Z', '0VK7FPymEhq', 'APP20240504TnEX3sj', 'UNT20240507tVZk4iz', 5, '2023-03-05', '2023-06-12', NULL, '', '2023-06-12 11:46:12'),
('SES20230612FECbeSY', '0VK7FPymEhq', 'APP20240504TnEX3sj', 'UNT20240507tVZk4iz', 5, '2023-03-05', '2023-06-12', NULL, '', '2023-06-12 11:44:08'),
('SES20230612wOXMW4N', '0VK7FPymEhq', 'APP20240504TnEX3sj', 'UNT20240507tVZk4iz', 5, '2023-03-05', '2023-06-14', NULL, '', '2023-06-12 12:17:13'),
('SES20230612Y0F2GLK', '0VK7FPymEhq', 'APP20240503h7o1wxG', 'UNT20240507K4Lfs8n', 5, '2023-03-05', '2023-06-12', NULL, '', '2023-06-12 23:47:52'),
('SES20230613TUhHl3N', '0VK7FPymEhq', 'APP20240503h7o1wxG', 'UNT20240507K4Lfs8n', 5, '2023-03-05', '2023-06-13', NULL, '', '2023-06-13 12:52:55'),
('SES20230614DWCXoLa', '', 'APP20240504TnEX3sj', 'UNT20240507lZEpVne', 5, '2023-03-05', '2023-06-16', NULL, '', '2023-06-14 12:22:42'),
('SES20230614fEzuT8A', '', 'APP20240504TnEX3sj', 'UNT20240507lZEpVne', 5, '2023-03-05', '2023-06-18', NULL, '', '2023-06-14 12:03:58'),
('SES20230614km6vHwB', '', 'APP20240504TnEX3sj', 'UNT20240507lZEpVne', 5, '2023-03-05', '2023-06-14', NULL, '', '2023-06-14 12:21:47'),
('SES20230619ZT0N1Px', '', 'APP20240504TnEX3sj', 'UNT20240507lZEpVne', 5, '2023-03-05', '2023-06-20', NULL, '', '2023-06-19 17:24:49'),
('SES20230620V9Q2jna', '', 'APP20240503h7o1wxG', 'UNT20240507QiydL0q', 5, '2023-03-05', '0000-00-00', NULL, 'paid', '2023-06-20 09:01:42'),
('SES20230626jFtukqW', '0VK7FPymEhq', 'APP20240504TnEX3sj', 'UNT20240507lZEpVne', 5, '2023-03-05', '2023-06-29', NULL, '', '2023-06-26 19:28:23'),
('SES20230626SBFWJnN', '', 'APP20240504TnEX3sj', 'UNT20240507lZEpVne', 5, '2023-03-05', '2023-06-28', NULL, '', '2023-06-26 19:15:23'),
('SES20230630wopgbDz', '', 'APP20240504TnEX3sj', 'UNT20240507lZEpVne', 5, '2023-03-05', '2023-07-01', NULL, '', '2023-06-30 21:28:16'),
('SES202307055I37vUB', '', 'APP20240506hExZ3OM', 'UNT20240506E7z0prW', 5, '2023-03-05', '2023-07-07', NULL, '', '2023-07-05 13:43:11'),
('SES20230714XfhuCFU', '', 'APP20240504TnEX3sj', 'UNT20240507lZEpVne', 5, '2023-03-05', '2023-07-16', NULL, '', '2023-07-14 23:23:50'),
('SES20230720jAMkNES', '', 'APP20240504TnEX3sj', 'UNT20240507lZEpVne', 5, '2023-03-05', '2023-07-20', NULL, '', '2023-07-20 12:19:38'),
('SES20230721IazWNyZ', '0VK7FPymEhq', 'APP20240504TnEX3sj', 'UNT20240507lZEpVne', 5, '2023-03-05', '2023-07-21', NULL, '', '2023-07-21 22:44:21'),
('SES20230722KmIwxBP', 'USR20230722zFk0ugQ', 'APP20240506hExZ3OM', 'UNT20240506E7z0prW', 5, '2023-03-05', '2023-07-22', NULL, '', '2023-07-22 15:04:55'),
('SES20230724aN41WGU', 'USR20230724NiKXICo', 'APP20240504TnEX3sj', 'UNT20240507lZEpVne', 5, '2023-03-05', '2023-07-29', NULL, '', '2023-07-24 18:54:27'),
('SES20230724lArDnJb', '', 'APP20240504TnEX3sj', 'UNT20240507lZEpVne', 5, '2023-03-05', '2023-07-25', NULL, '', '2023-07-24 18:49:46'),
('SES20230807XkKAaus', '', 'APP20240504ZA2RxM3', 'UNT202405058pwxqYA', 5, '2023-03-05', '2023-08-07', NULL, '', '2023-08-07 13:29:30'),
('SES20230808QnM8bmO', '', 'APP202405068PM1kDu', 'UNT20240506ZNyOuni', 5, '2023-03-05', '2023-08-14', NULL, '', '2023-08-08 15:14:49'),
('SES20230809bHQCzwj', '', 'APP20240504TnEX3sj', 'UNT20240507lZEpVne', 5, '2023-03-05', '2023-08-11', NULL, '', '2023-08-09 16:35:39'),
('SES20230809SbrZYRt', '', 'APP202405068PM1kDu', 'UNT20240506ZNyOuni', 5, '2023-03-05', '2023-08-09', NULL, '', '2023-08-09 01:10:07'),
('SES20230810PgMx2E8', '', 'APP20240504TnEX3sj', 'UNT20240507lZEpVne', 5, '2023-03-05', '2023-08-14', NULL, '', '2023-08-10 12:19:44'),
('SES20230814hiTD31w', '', 'APP20240504TnEX3sj', 'UNT20240507lZEpVne', 5, '2023-03-05', '2023-08-15', NULL, '', '2023-08-14 14:22:46'),
('SES20230815JIWzAgO', '', 'APP202405068PM1kDu', 'UNT20240506ZNyOuni', 5, '2023-03-05', '2023-08-15', NULL, '', '2023-08-15 14:14:54'),
('SES202308160kEBXST', '', 'APP20240504ZA2RxM3', 'UNT202405058pwxqYA', 5, '2023-03-05', '2023-08-22', NULL, '', '2023-08-16 09:47:45'),
('SES20230816zK0qp7W', '', 'APP20240504ZA2RxM3', 'UNT20240505H2S5bTy', 5, '2023-03-05', '2023-08-16', NULL, '', '2023-08-16 16:43:48'),
('SES202308224iqv5Nj', '', 'APP20240504ZA2RxM3', 'UNT202405058pwxqYA', 5, '2023-03-05', '2023-08-22', NULL, '', '2023-08-22 15:35:40'),
('SES202308231L5Dvth', '', 'APP20240504ZA2RxM3', 'UNT202405058pwxqYA', 5, '2023-03-05', '2023-08-23', NULL, '', '2023-08-23 15:46:30'),
('SES20230823lrH4CVh', '', 'APP20240504ZA2RxM3', 'UNT202405058pwxqYA', 5, '2023-03-05', '2023-08-23', NULL, '', '2023-08-23 15:46:20'),
('SES20230829xFTM4G1', '', 'APP20240504ZA2RxM3', 'UNT202405058pwxqYA', 5, '2023-03-05', '2023-08-29', NULL, '', '2023-08-29 19:46:59'),
('SES20230831lItWPj5', 'USR20230831A0CWduV', 'APP20240504TnEX3sj', 'UNT20240507lZEpVne', 5, '2023-03-05', '2023-08-31', NULL, '', '2023-08-31 00:11:18'),
('SES20230901AICjl9S', '0VK7FPymEhq', 'APP20240504TnEX3sj', 'UNT20240507lZEpVne', 5, '2023-03-05', '2023-09-01', NULL, 'paid', '2023-09-01 10:30:04'),
('SES20230901QizxV3Y', '0VK7FPymEhq', 'APP20240504TnEX3sj', 'UNT20240507lZEpVne', 5, '2023-03-05', '2023-09-01', NULL, 'paid', '2023-09-01 09:57:51'),
('SES20230908AioRX81', '', 'APP202405068PM1kDu', 'UNT202405064kD62PW', 5, '2023-03-05', '2023-09-08', NULL, '', '2023-09-08 15:53:37'),
('SES20230911UIk1VEO', 'USR20230911KIbBhok', 'APP20240504ZA2RxM3', 'UNT20240505H2S5bTy', 5, '2023-03-05', '2023-09-11', NULL, 'paid', '2023-09-11 10:36:23'),
('SES20230916suGwa10', '', 'APP20240504ZA2RxM3', 'UNT202405058pwxqYA', 5, '2023-03-05', '2023-09-18', NULL, '', '2023-09-16 19:29:08'),
('SES20230926hwCXyBq', '', 'APP20240504TnEX3sj', 'UNT20240507lZEpVne', 5, '2023-03-05', '2023-09-27', NULL, '', '2023-09-26 17:14:20'),
('SES20230926PSvdNtZ', '', 'APP20240504TnEX3sj', 'UNT20240507lZEpVne', 5, '2023-03-05', '2023-09-26', NULL, '', '2023-09-26 17:14:20'),
('SES20230930WEfgA9k', '', 'APP20240506hExZ3OM', 'UNT20240506E7z0prW', 5, '2023-03-05', '2023-10-06', NULL, '', '2023-09-30 17:44:09'),
('SES20231209bMApUSN', 'FBZdwEa9Gx1', 'APP20240504TnEX3sj', 'UNT20240507lZEpVne', 5, '2023-03-05', '2023-12-15', NULL, 'paid', '2023-12-09 20:10:40'),
('SES20231210Uy1wLY1', 'FBZdwEa9Gx1', 'APP20240504ZA2RxM3', 'UNT20240505H2S5bTy', 5, '2023-03-05', '2024-12-17', NULL, 'paid', '2023-12-10 16:19:18'),
('SES20231210Uy1wLYU', 'FBZdwEa9Gx1', 'APP20240504ZA2RxM3', 'UNT20240505H2S5bTy', 5, '2023-03-05', '2023-12-14', NULL, 'paid', '2023-12-10 16:19:18'),
('SES20231221D9jxoFm', '0VK7FPymEhq', 'APP20240504TnEX3sj', 'UNT20240507lZEpVne', 5, '2023-03-05', '2023-12-27', NULL, 'paid', '2023-12-21 14:49:44'),
('SES20231221hRwHnIc', '0VK7FPymEhq', 'APP20240504TnEX3sj', 'UNT20240507lZEpVne', 5, '2023-03-05', '2023-12-27', NULL, '', '2023-12-21 14:44:32'),
('SES20240111jMVFBli', '', 'APP20240506hExZ3OM', 'UNT20240506E7z0prW', 5, '2023-03-05', '2024-01-17', NULL, '', '2024-01-11 12:54:25'),
('SES20240120hg8ni9r', '0VK7FPymEhq', 'APP20240506hExZ3OM', 'UNT20240506E7z0prW', 5, '2023-03-05', '2024-01-26', NULL, '', '2024-01-20 16:26:41'),
('SES20240123ye7Sut4', 'FBZdwEa9Gx1', 'APP20240504ZA2RxM3', 'UNT20240505H2S5bTy', 5, '2023-03-05', '2024-01-27', NULL, 'paid', '2024-01-23 09:40:04'),
('SES202401240e5CrqA', 'OsA5miKC0F9', 'APP20240504TnEX3sj', 'UNT20240507lZEpVne', 5, '2023-03-05', '2024-01-30', NULL, '', '2024-01-24 18:20:15'),
('SES20240124SUzx65w', 'USR202401249iL2MFx', 'APP20240504ZA2RxM3', 'UNT20240505H2S5bTy', 5, '2023-03-05', '2024-01-30', NULL, '', '2024-01-24 13:00:17'),
('SES20240124wdm2YRi', '', 'APP20240504TnEX3sj', 'UNT20240507lZEpVne', 5, '2023-03-05', '2024-01-30', NULL, '', '2024-01-24 18:19:22'),
('SES202401268ExuTKb', 'FBZdwEa9Gx1', 'APP20240504ZA2RxM3', 'UNT20240505H2S5bTy', 5, '2023-03-05', '2024-02-01', NULL, 'paid', '2024-01-26 15:34:51'),
('SES20240126f8bRry0', 'FBZdwEa9Gx1', 'APP20240504ZA2RxM3', 'UNT20240505H2S5bTy', 5, '2023-03-05', '2024-02-01', NULL, 'paid', '2024-01-26 12:24:54'),
('SES20240126HGXc3AC', 'FBZdwEa9Gx1', 'APP20240504ZA2RxM3', 'UNT20240505H2S5bTy', 5, '2023-03-05', '2024-02-01', NULL, 'paid', '2024-01-26 12:22:10'),
('SES20240126jKC2QLt', 'FBZdwEa9Gx1', 'APP20240504ZA2RxM3', 'UNT20240505H2S5bTy', 5, '2023-03-05', '2024-02-01', NULL, 'paid', '2024-01-26 12:13:21'),
('SES20240126SUMLw1W', 'FBZdwEa9Gx1', 'APP20240504ZA2RxM3', 'UNT20240505H2S5bTy', 5, '2023-03-05', '2024-02-01', NULL, 'paid', '2024-01-26 15:43:33'),
('SES20240130P2rpTD8', '', 'APP20240506hExZ3OM', 'UNT20240506E7z0prW', 5, '2023-03-05', '2024-02-05', NULL, '', '2024-01-30 14:12:08'),
('SES20240130qdZNoAl', '', 'APP20240504ZA2RxM3', 'UNT202405058pwxqYA', 5, '2023-03-05', '2024-02-05', NULL, '', '2024-01-30 22:40:47'),
('SES20240130sIXdhNi', '', 'APP20240506hExZ3OM', 'UNT20240506E7z0prW', 5, '2023-03-05', '2024-02-05', NULL, '', '2024-01-30 21:59:14'),
('SES20240211dTeiJc6', '', 'APP20240504ZA2RxM3', 'UNT20240505H2S5bTy', 5, '2023-03-05', '2024-02-16', NULL, '', '2024-02-11 12:29:20'),
('SES202402179shBxez', '', 'APP20240504TnEX3sj', 'UNT20240507lZEpVne', 5, '2023-03-05', '2024-02-23', NULL, '', '2024-02-17 09:34:02'),
('SES20240217fA57Jt3', '0VK7FPymEhq', 'APP20240504TnEX3sj', 'UNT20240507lZEpVne', 5, '2023-03-05', '2024-02-23', NULL, 'paid', '2024-02-17 09:36:32'),
('SES20240217m39OSBA', '0VK7FPymEhq', 'APP20240504TnEX3sj', 'UNT20240507lZEpVne', 5, '2023-03-05', '2024-02-23', NULL, '', '2024-02-17 04:40:42'),
('SES20240217qmy4gAN', '0VK7FPymEhq', 'APP20240504ZA2RxM3', 'UNT202405058pwxqYA', 5, '2023-03-05', '2024-02-22', NULL, '', '2024-02-17 02:54:28'),
('SES20240218hE0C1QG', 'FBZdwEa9Gx1', 'APP20240504ZA2RxM3', 'UNT20240505H2S5bTy', 5, '2023-03-05', '2024-02-24', NULL, 'paid', '2024-02-18 08:08:14'),
('SES20240219FaIbjkQ', '', 'APP20240504TnEX3sj', 'UNT20240507lZEpVne', 5, '2023-03-05', '2024-02-25', NULL, '', '2024-02-19 10:11:40'),
('SES20240224bMnzEF7', 'FBZdwEa9Gx1', 'APP20240504ZA2RxM3', 'UNT20240505H2S5bTy', 5, '2023-03-05', '2024-03-01', NULL, 'paid', '2024-02-24 09:59:34'),
('SES20240224JjmGv0d', '', 'APP20240504TnEX3sj', 'UNT20240507lZEpVne', 5, '2023-03-05', '2024-03-01', NULL, '', '2024-02-24 09:32:46'),
('SES20240224mrpUvPz', 'FBZdwEa9Gx1', 'APP20240504ZA2RxM3', 'UNT20240505H2S5bTy', 5, '2023-03-05', '2024-03-01', NULL, '', '2024-02-24 09:59:33'),
('SES20240308dl2bJ0Q', 'USR20240308DrmP83M', 'APP20240504ZA2RxM3', 'UNT20240505H2S5bTy', 5, '2023-03-05', '2024-03-14', NULL, 'paid', '2024-03-08 14:11:16'),
('SES20240308EOe41lc', 'USR20240308DrmP83M', 'APP20240504ZA2RxM3', 'UNT20240505H2S5bTy', 5, '2023-03-05', '2024-03-14', NULL, 'paid', '2024-03-08 12:55:24'),
('SES20240308hXerBvG', '', 'APP20240504ZA2RxM3', 'UNT20240505H2S5bTy', 5, '2023-03-05', '2024-03-14', NULL, '', '2024-03-08 13:58:44'),
('SES20240308ZvDEdkK', 'USR20240308DrmP83M', 'APP20240504ZA2RxM3', 'UNT20240505H2S5bTy', 5, '2023-03-05', '2024-03-14', NULL, '', '2024-03-08 14:01:17'),
('SES20240312eZACbig', '', 'APP20240504TnEX3sj', 'UNT20240507lZEpVne', 5, '2023-03-05', '2024-03-18', NULL, '', '2024-03-12 13:28:21'),
('SES20240312l8BI40E', '0VK7FPymEhq', 'APP20240504TnEX3sj', 'UNT20240507lZEpVne', 5, '2023-03-05', '2024-03-18', NULL, '', '2024-03-12 12:32:42'),
('SES20240312qZ59x2p', 'USR20240312cCOZx9i', 'APP20240504TnEX3sj', 'UNT20240507lZEpVne', 5, '2023-03-05', '2024-03-18', NULL, 'paid', '2024-03-12 13:32:33'),
('SES20240313dMplgLh', 'FBZdwEa9Gx1', 'APP20240504ZA2RxM3', 'UNT20240505H2S5bTy', 5, '2023-03-05', '2024-03-19', NULL, '', '2024-03-13 08:09:27'),
('SES20240313wgz5tAQ', 'FBZdwEa9Gx1', 'APP20240504ZA2RxM3', 'UNT20240505H2S5bTy', 5, '2023-03-05', '2024-03-19', NULL, 'paid', '2024-03-13 12:03:02'),
('SES20240318Pt01Wfl', 'USR20240318JTHl7pP', 'APP20240504ZA2RxM3', 'UNT20240505H2S5bTy', 5, '2023-03-05', '2024-03-24', NULL, '', '2024-03-18 12:25:01'),
('SES202404229ObQnos', 'USR20240312cCOZx9i', 'APP20240504ZA2RxM3', 'UNT20240505H2S5bTy', 5, '2023-03-05', '2024-04-27', NULL, '', '2024-04-22 10:14:37'),
('SES20240423j3qeMCg', '', 'APP20240504ZA2RxM3', 'UNT20240505H2S5bTy', 5, '2023-03-05', '2024-04-29', NULL, '', '2024-04-23 13:55:15'),
('SES20240427wDjfFeg', '', 'APP20240504ZA2RxM3', 'UNT202405058pwxqYA', 5, '2023-03-05', '2024-05-02', NULL, '', '2024-04-27 16:39:37'),
('SES20240501oNgmpXH', '', 'APP20240504ZA2RxM3', 'UNT20240505H2S5bTy', 5, '2023-03-05', '2024-05-07', NULL, '', '2024-05-01 12:36:49'),
('sHmqtzxhnQp', '0VK7FPymEhq', 'APP20240503h7o1wxG', 'UNT20240507K4Lfs8n', 5, '2023-03-05', '2023-01-11', NULL, 'paid', '2023-02-06 02:41:54'),
('SMAlFODQCGd', 'tTwWseR4VdA', 'APP20240506hExZ3OM', 'UNT20240506E7z0prW', 5, '2023-03-05', '2023-02-08', NULL, '', '2023-02-08 10:33:31'),
('SXjrMg13IJQ', 'cqbtO30oygT', 'APP20240504ZA2RxM3', 'UNT202405058pwxqYA', 5, '2023-03-05', '2023-01-11', NULL, '', '2023-01-26 03:13:00'),
('sxQXLpieYBl', 'cqbtO30oygT', 'APP202405068PM1kDu', 'UNT20240506ZNyOuni', 5, '2023-03-05', '2023-04-14', NULL, '', '2023-04-08 17:44:22'),
('ty4bidnuaG3', '6uY1N4c9VEl', 'APP20240503h7o1wxG', 'UNT20240507K4Lfs8n', 5, '2023-03-05', '2023-02-27', NULL, '', '2023-02-27 12:15:00'),
('vBnpFQw0aEq', '0VK7FPymEhq', 'APP20240504TnEX3sj', 'UNT20240507lZEpVne', 5, '2023-03-05', '2023-05-06', NULL, '', '2023-05-05 22:50:39'),
('vmYiad6NsIR', 'J51oy6lguEe', 'APP20240504ZA2RxM3', 'UNT202405058pwxqYA', 5, '2023-03-05', '2022-12-05', NULL, '', '2022-12-23 11:31:29'),
('whQfa3MLdAg', 'haoG90S1fpe', 'VqozWcjRlOZ', 'UNT20240507lZEpVne', 5, '2023-03-05', '2023-02-10', NULL, '', '2023-02-10 05:16:09'),
('YDu0l7OrtMs', 'cqbtO30oygT', 'APP202405068PM1kDu', 'UNT20240506ZNyOuni', 5, '2023-03-05', '2023-04-15', NULL, '', '2023-04-08 17:24:58'),
('YtWvzkX3Px5', '0CGnJZv9zBA', 'APP20240504ZA2RxM3', 'UNT20240505H2S5bTy', 5, '2023-03-05', '2023-03-15', NULL, '', '2023-03-15 12:25:11'),
('YujP9UiIAZs', 'cqbtO30oygT', 'APP202405068PM1kDu', 'UNT20240506ZNyOuni', 5, '2023-03-05', '2023-04-12', NULL, '', '2023-04-10 14:34:13'),
('zHGo0VuLMg7', '0VK7FPymEhq', 'APP20240504TnEX3sj', 'UNT20240507lZEpVne', 5, '2023-03-05', '2023-05-08', NULL, '', '2023-05-03 14:22:43'),
('zkT4xyNmDIK', 'q9cS2voZRNs', 'APP202405068PM1kDu', 'UNT202405064kD62PW', 5, '2023-03-05', '2022-12-30', NULL, '', '2022-12-24 02:14:58'),
('ZyvAngGcu1S', 'haoG90S1fpe', 'APP20240504ZA2RxM3', 'UNT202405058pwxqYA', 5, '2023-03-05', '2023-01-25', NULL, '', '2023-01-25 05:05:53'),
('ZyYQMj7GT63', '6uY1N4c9VEl', 'APP20240503h7o1wxG', 'UNT20240507K4Lfs8n', 5, '2023-03-05', '2023-02-27', NULL, '', '2023-02-27 12:18:12');

-- --------------------------------------------------------

--
-- Table structure for table `callback`
--

CREATE TABLE `callback` (
  `callback_id` varchar(255) NOT NULL,
  `callback_key` varchar(30) NOT NULL,
  `property_id` varchar(255) DEFAULT NULL,
  `client_id` varchar(255) NOT NULL,
  `callback_called` enum('yes','no') NOT NULL DEFAULT 'no',
  `callback_date_created` datetime NOT NULL DEFAULT CURRENT_TIMESTAMP
) ENGINE=InnoDB DEFAULT CHARSET=latin1;

-- --------------------------------------------------------

--
-- Table structure for table `check_in_image`
--

CREATE TABLE `check_in_image` (
  `check_in_image_id` varchar(255) NOT NULL,
  `rentee_id` varchar(255) NOT NULL,
  `check_in_image_1` varchar(255) CHARACTER SET latin1 COLLATE latin1_swedish_ci DEFAULT NULL,
  `check_in_image_2` varchar(255) CHARACTER SET latin1 COLLATE latin1_swedish_ci DEFAULT NULL,
  `check_in_image_3` varchar(255) CHARACTER SET latin1 COLLATE latin1_swedish_ci DEFAULT NULL,
  `check_in_image_4` varchar(255) CHARACTER SET latin1 COLLATE latin1_swedish_ci DEFAULT NULL,
  `check_in_image_5` varchar(255) CHARACTER SET latin1 COLLATE latin1_swedish_ci DEFAULT NULL,
  `check_in_image_6` varchar(255) CHARACTER SET latin1 COLLATE latin1_swedish_ci DEFAULT NULL,
  `check_in_image_7` varchar(255) CHARACTER SET latin1 COLLATE latin1_swedish_ci DEFAULT NULL,
  `check_in_image_8` varchar(255) CHARACTER SET latin1 COLLATE latin1_swedish_ci DEFAULT NULL,
  `check_in_image_9` varchar(255) CHARACTER SET latin1 COLLATE latin1_swedish_ci DEFAULT NULL,
  `check_in_image_10` varchar(255) CHARACTER SET latin1 COLLATE latin1_swedish_ci DEFAULT NULL,
  `check_in_image_date_created` datetime NOT NULL DEFAULT CURRENT_TIMESTAMP
) ENGINE=InnoDB DEFAULT CHARSET=latin1;

-- --------------------------------------------------------

--
-- Table structure for table `currency`
--

CREATE TABLE `currency` (
  `currency_id` int NOT NULL,
  `currency_symbol` varchar(20) CHARACTER SET utf8mb4 COLLATE utf8mb4_general_ci NOT NULL
) ENGINE=InnoDB DEFAULT CHARSET=utf8mb4 COLLATE=utf8mb4_general_ci;

-- --------------------------------------------------------

--
-- Table structure for table `expense`
--

CREATE TABLE `expense` (
  `expense_id` varchar(255) NOT NULL,
  `expense_category_id` int NOT NULL,
  `expense_name` varchar(255) NOT NULL,
  `expense_note` varchar(255) DEFAULT NULL,
  `expense_amount` varchar(255) NOT NULL,
  `expense_date` varchar(255) NOT NULL,
  `expense_time` varchar(255) NOT NULL,
  `expense_date_created` timestamp NOT NULL DEFAULT CURRENT_TIMESTAMP
) ENGINE=MyISAM DEFAULT CHARSET=latin1;

--
-- Dumping data for table `expense`
--

INSERT INTO `expense` (`expense_id`, `expense_category_id`, `expense_name`, `expense_note`, `expense_amount`, `expense_date`, `expense_time`, `expense_date_created`) VALUES
('INV20230228j8tz0kL', 0, 'office  cleaning', '', '100', '2023-02-28', '09:04', '2023-02-28 14:04:23');

-- --------------------------------------------------------

--
-- Table structure for table `expense_category`
--

CREATE TABLE `expense_category` (
  `expense_category_id` varchar(255) NOT NULL,
  `expense_category_name` varchar(255) NOT NULL,
  `expense_category_date_created` datetime NOT NULL DEFAULT CURRENT_TIMESTAMP
) ENGINE=MyISAM DEFAULT CHARSET=latin1;

--
-- Dumping data for table `expense_category`
--

INSERT INTO `expense_category` (`expense_category_id`, `expense_category_name`, `expense_category_date_created`) VALUES
('INV20230228lD5ZJof', 'stationary', '2023-02-28 16:54:26'),
('INV20230228YuwdKcp', 'sanitation', '2023-02-28 17:03:15');

-- --------------------------------------------------------

--
-- Table structure for table `featured_property`
--

CREATE TABLE `featured_property` (
  `featured_property_id` varchar(255) NOT NULL,
  `property_id` varchar(255) NOT NULL,
  `featured_property_date_created` datetime NOT NULL DEFAULT CURRENT_TIMESTAMP
) ENGINE=InnoDB DEFAULT CHARSET=latin1;

--
-- Dumping data for table `featured_property`
--

INSERT INTO `featured_property` (`featured_property_id`, `property_id`, `featured_property_date_created`) VALUES
('PRP2023022340o7SaL', 'APP20230223JskLaFZ', '2023-02-23 18:19:34'),
('PRP20230223JIC6eWA', 'APP20230222mEdaHRp', '2023-02-23 18:19:26'),
('PRP20230223xue1Gr5', 'APP202302239JUodkC', '2023-02-23 18:19:15');

-- --------------------------------------------------------

--
-- Table structure for table `features`
--

CREATE TABLE `features` (
  `features_id` varchar(255) NOT NULL,
  `property_id` varchar(255) NOT NULL,
  `amenities_id` varchar(255) NOT NULL,
  `features_date_created` datetime NOT NULL DEFAULT CURRENT_TIMESTAMP
) ENGINE=InnoDB DEFAULT CHARSET=latin1;

--
-- Dumping data for table `features`
--

INSERT INTO `features` (`features_id`, `property_id`, `amenities_id`, `features_date_created`) VALUES
('FTS2024050416zKr9J', 'APP20240504stlzAxX', 'AME20230223vt34T5g', '2024-05-04 14:21:18'),
('FTS2024050420ASYTM', 'APP20240504C58KIUk', 'AME20230223Hu1Gs2y', '2024-05-04 11:34:33'),
('FTS202405047VbrZIN', 'APP20240504stlzAxX', 'AME20230117Jv9DX28', '2024-05-04 14:21:18'),
('FTS202405049Qc12tA', 'APP20240504stlzAxX', 'AME20230222xBmOyaH', '2024-05-04 14:21:18'),
('FTS202405049rWhcwR', 'APP20240504stlzAxX', 'AME20230223Hu1Gs2y', '2024-05-04 14:21:18'),
('FTS20240504cMyKehd', 'APP20240504C58KIUk', 'AME202302237PMD1LG', '2024-05-04 11:34:33'),
('FTS20240504dBt1QKJ', 'APP20240504stlzAxX', 'AME20230113zY7Mngb', '2024-05-04 14:21:18'),
('FTS20240504dqj5YzX', 'APP20240504C58KIUk', 'AME20230223vt34T5g', '2024-05-04 11:34:33'),
('FTS20240504euJ1Inf', 'APP20240504C58KIUk', 'AME20230222xBmOyaH', '2024-05-04 11:34:33'),
('FTS20240504FCmyR85', 'APP20240504C58KIUk', 'AME20230223OoTZeUb', '2024-05-04 11:34:33'),
('FTS20240504gx2Ocyq', 'APP20240504C58KIUk', 'AME202301138Vgkbev', '2024-05-04 11:34:33'),
('FTS20240504iKApC8N', 'APP20240504C58KIUk', 'AME20230117ktDSPo5', '2024-05-04 11:34:33'),
('FTS20240504iS7dxNW', 'APP20240504C58KIUk', 'AME20230113zY7Mngb', '2024-05-04 11:34:33'),
('FTS20240504jQwLZSn', 'APP20240504C58KIUk', 'AME20230228E96epnb', '2024-05-04 11:34:33'),
('FTS20240504TfS4XYd', 'APP20240504stlzAxX', 'AME20230117ktDSPo5', '2024-05-04 14:21:18'),
('FTS20240504woIZCaW', 'APP20240504C58KIUk', 'AME20230117Jv9DX28', '2024-05-04 11:34:33'),
('FTS202405050qHwVD6', 'APP20240504ZA2RxM3', 'AME20230223WTIf8A1', '2024-05-05 14:04:13'),
('FTS2024050595zEjh1', 'APP20240504ZA2RxM3', 'AME20230117Jv9DX28', '2024-05-05 14:04:13'),
('FTS20240505bGl9w0h', 'APP20240504ZA2RxM3', 'AME20230223Hu1Gs2y', '2024-05-05 14:04:13'),
('FTS20240505DxlbnAp', 'APP20240504ZA2RxM3', 'AME20230113FxLGfV6', '2024-05-05 14:04:13'),
('FTS20240505eaSwL5J', 'APP20240504ZA2RxM3', 'AME20230223iAFqE0S', '2024-05-05 14:04:13'),
('FTS20240505K5b8JxN', 'APP20240504ZA2RxM3', 'AME20230117ktDSPo5', '2024-05-05 14:04:13'),
('FTS20240505m13rnDA', 'APP20240504ZA2RxM3', 'AME20230223vt34T5g', '2024-05-05 14:04:13'),
('FTS20240505MoTidhx', 'APP20240504ZA2RxM3', 'AME20230222xBmOyaH', '2024-05-05 14:04:13'),
('FTS20240505ufH8D94', 'APP20240504ZA2RxM3', 'AME20230113NYh4aId', '2024-05-05 14:04:13'),
('FTS20240505unbfYM2', 'APP20240504ZA2RxM3', 'AME20230113zY7Mngb', '2024-05-05 14:04:13'),
('FTS20240505z1axAWi', 'APP20240504ZA2RxM3', 'AME20230113zpn1Sg5', '2024-05-05 14:04:13'),
('FTS20240505ziVLk0y', 'APP20240504ZA2RxM3', 'AME20230113bFMpZIm', '2024-05-05 14:04:13'),
('FTS202405060z9iSoB', 'APP20240506hExZ3OM', 'AME20230222xBmOyaH', '2024-05-06 18:47:53'),
('FTS20240506Bkw8fPg', 'APP20240506hExZ3OM', 'AME20230113FxLGfV6', '2024-05-06 18:47:53'),
('FTS20240506c0LgC7q', 'APP20240506hExZ3OM', 'AME20230223vt34T5g', '2024-05-06 18:47:53'),
('FTS20240506eHKlANV', 'APP20240506hExZ3OM', 'AME202301138Vgkbev', '2024-05-06 18:47:53'),
('FTS20240506FVLBhgM', 'APP20240506hExZ3OM', 'AME20230117Jv9DX28', '2024-05-06 18:47:53'),
('FTS20240506Jl54G6L', 'APP20240506hExZ3OM', 'AME20230113bFMpZIm', '2024-05-06 18:47:53'),
('FTS20240506mMUfcV9', 'APP20240506hExZ3OM', 'AME20230223iAFqE0S', '2024-05-06 18:47:53'),
('FTS20240506NC8fA5u', 'APP20240506hExZ3OM', 'AME20230223OoTZeUb', '2024-05-06 18:47:53'),
('FTS20240506UiLrXId', 'APP20240506hExZ3OM', 'AME20230113zY7Mngb', '2024-05-06 18:47:53'),
('FTS20240506x19yG3Z', 'APP20240506hExZ3OM', 'AME20230228E96epnb', '2024-05-06 18:47:53'),
('FTS20240513bpfjedJ', 'APP202405068PM1kDu', 'AME20230228E96epnb', '2024-05-13 16:10:27'),
('FTS20240513DMf0KaW', 'APP202405068PM1kDu', 'AME202302237PMD1LG', '2024-05-13 16:10:27'),
('FTS20240513I1xVYGm', 'APP202405068PM1kDu', 'AME20230223OoTZeUb', '2024-05-13 16:10:27'),
('FTS20240513jPnTYes', 'APP202405068PM1kDu', 'AME20230223Hu1Gs2y', '2024-05-13 16:10:27'),
('FTS20240513RDoUk9T', 'APP202405068PM1kDu', 'AME20230223vt34T5g', '2024-05-13 16:10:27'),
('FTS20240513wdcSmQt', 'APP202405068PM1kDu', 'AME20230223iAFqE0S', '2024-05-13 16:10:27'),
('FTS202405142xRpHzE', 'APP20240504TnEX3sj', 'AME20230223iAFqE0S', '2024-05-14 10:06:43'),
('FTS202405144J1j6SY', 'APP20240504TnEX3sj', 'AME20230117ktDSPo5', '2024-05-14 10:06:43'),
('FTS202405148Mf9bq7', 'APP20240504TnEX3sj', 'AME20230223vt34T5g', '2024-05-14 10:06:43'),
('FTS20240514aO4vtQD', 'APP20240504TnEX3sj', 'AME20230222xBmOyaH', '2024-05-14 10:06:43'),
('FTS20240514C3Ifkqt', 'APP20240504TnEX3sj', 'AME20230113NYh4aId', '2024-05-14 10:06:43'),
('FTS20240514c3M12sh', 'APP20240504TnEX3sj', 'AME202301138Vgkbev', '2024-05-14 10:06:43'),
('FTS20240514c6ChG2z', 'APP20240504TnEX3sj', 'AME20230223WTIf8A1', '2024-05-14 10:06:43'),
('FTS20240514cLd985R', 'APP20240504TnEX3sj', 'AME202301133XgsMBl', '2024-05-14 10:06:43'),
('FTS20240514DEXJiZ4', 'APP20240504TnEX3sj', 'AME202302237PMD1LG', '2024-05-14 10:06:43'),
('FTS20240514eHa2VFO', 'APP20240504TnEX3sj', 'AME20230113zpn1Sg5', '2024-05-14 10:06:43'),
('FTS20240514H92AE7L', 'APP20240504TnEX3sj', 'AME20230113FxLGfV6', '2024-05-14 10:06:43'),
('FTS20240514Iv9jH3g', 'APP20240504TnEX3sj', 'AME20230113pidlXTK', '2024-05-14 10:06:43'),
('FTS20240514sj5Fioz', 'APP20240504TnEX3sj', 'AME20230117Jv9DX28', '2024-05-14 10:06:43'),
('FTS20240514v90XTZ5', 'APP20240504TnEX3sj', 'AME20230113bFMpZIm', '2024-05-14 10:06:43'),
('FTS20240514WtqdKPS', 'APP20240504TnEX3sj', 'AME20230223Hu1Gs2y', '2024-05-14 10:06:43');

-- --------------------------------------------------------

--
-- Table structure for table `guard`
--

CREATE TABLE `guard` (
  `guard_id` varchar(255) NOT NULL,
  `guard_name` varchar(255) NOT NULL,
  `guard_email` varchar(255) NOT NULL,
  `guard_address` varchar(255) NOT NULL,
  `guard_phone` varchar(255) NOT NULL,
  `guard_nid` varchar(255) NOT NULL,
  `property_id` varchar(255) DEFAULT NULL,
  `guard_date_created` datetime NOT NULL DEFAULT CURRENT_TIMESTAMP
) ENGINE=InnoDB DEFAULT CHARSET=latin1;

-- --------------------------------------------------------

--
-- Table structure for table `inquiry`
--

CREATE TABLE `inquiry` (
  `inquiry_id` varchar(255) NOT NULL,
  `inquiry_name` varchar(255) NOT NULL,
  `inquiry_email` varchar(255) NOT NULL,
  `inquiry_phone` varchar(255) DEFAULT NULL,
  `inquiry_message` text NOT NULL,
  `inquiry_date_created` datetime NOT NULL DEFAULT CURRENT_TIMESTAMP
) ENGINE=InnoDB DEFAULT CHARSET=latin1;

--
-- Dumping data for table `inquiry`
--

INSERT INTO `inquiry` (`inquiry_id`, `inquiry_name`, `inquiry_email`, `inquiry_phone`, `inquiry_message`, `inquiry_date_created`) VALUES
('INQ20230224CFR8YeK', 'Erick', 'lewizy2017@gmail.com', '0715816405', 'test', '2023-02-24 11:47:44'),
('INQ20230224FW1GiRy', 'Thetu', 'lewizy2017@gmail.com', '0715816405', 'test', '2023-02-24 08:24:30'),
('INQ202305010783kBA', '', '', NULL, '', '2023-05-01 05:21:14'),
('INQ202305015SsOe8H', '', '', NULL, '', '2023-05-01 00:37:12');

-- --------------------------------------------------------

--
-- Table structure for table `invoice`
--

CREATE TABLE `invoice` (
  `invoice_id` varchar(255) NOT NULL,
  `property_id` varchar(255) DEFAULT NULL,
  `employee_id` varchar(255) DEFAULT NULL,
  `invoice_total_price` int NOT NULL,
  `invoice_key` varchar(255) NOT NULL,
  `invoice_date_created` datetime NOT NULL DEFAULT CURRENT_TIMESTAMP
) ENGINE=InnoDB DEFAULT CHARSET=latin1;

-- --------------------------------------------------------

--
-- Table structure for table `invoice_item`
--

CREATE TABLE `invoice_item` (
  `invoice_item_id` varchar(255) NOT NULL,
  `invoice_id` varchar(255) NOT NULL,
  `invoice_item_name` varchar(255) NOT NULL,
  `invoice_item_description` text,
  `invoice_item_quantity` int DEFAULT NULL,
  `invoice_item_price` int NOT NULL,
  `invoice_item_date_created` datetime NOT NULL DEFAULT CURRENT_TIMESTAMP
) ENGINE=InnoDB DEFAULT CHARSET=latin1;

-- --------------------------------------------------------

--
-- Table structure for table `landlord`
--

CREATE TABLE `landlord` (
  `landlord_id` varchar(255) CHARACTER SET latin1 COLLATE latin1_swedish_ci NOT NULL,
  `landlord_name` varchar(255) CHARACTER SET latin1 COLLATE latin1_swedish_ci NOT NULL,
  `landlord_email` varchar(255) CHARACTER SET latin1 COLLATE latin1_swedish_ci NOT NULL,
  `landlord_phone` varchar(255) DEFAULT NULL,
  `landlord_password` varchar(255) CHARACTER SET latin1 COLLATE latin1_swedish_ci NOT NULL,
  `property_id` text CHARACTER SET latin1 COLLATE latin1_swedish_ci,
  `landlord_image` varchar(255) DEFAULT NULL,
  `landlord_passport` varchar(255) DEFAULT NULL,
  `landlord_kra` varchar(255) DEFAULT NULL,
  `kin_name` varchar(255) DEFAULT NULL,
  `kin_phone` varchar(255) DEFAULT NULL,
  `bank_name` varchar(255) CHARACTER SET latin1 COLLATE latin1_swedish_ci DEFAULT 'KCB',
  `bank_account` varchar(255) CHARACTER SET latin1 COLLATE latin1_swedish_ci DEFAULT 'KCB',
  `bank_amount` float(10,2) DEFAULT '10.00',
  `bank_date` int DEFAULT '6',
  `landlord_commission` float(10,2) DEFAULT NULL,
  `landlord_status` enum('active','inactive') NOT NULL DEFAULT 'active',
  `landlord_date_created` datetime NOT NULL DEFAULT CURRENT_TIMESTAMP
) ENGINE=InnoDB DEFAULT CHARSET=latin1;

--
-- Dumping data for table `landlord`
--

INSERT INTO `landlord` (`landlord_id`, `landlord_name`, `landlord_email`, `landlord_phone`, `landlord_password`, `property_id`, `landlord_image`, `landlord_passport`, `landlord_kra`, `kin_name`, `kin_phone`, `bank_name`, `bank_account`, `bank_amount`, `bank_date`, `landlord_commission`, `landlord_status`, `landlord_date_created`) VALUES
('c9k4pld', 'Test', 'debzziiie@gmail.com', '0112964216', '$2y$11$dR2W9nZZNMopmnd.5ygnL.rKSdTy2X0RduxJPEoCZRv2of2IHxebe', 'APP20240515UyTZeni', NULL, '23456789', 'sedft123', 'test', '079047900', 'ABSA', '12345', 30000.00, 5, 40.00, 'active', '2024-05-15 11:07:02'),
('hZCklWu', 'Esther Ngoni', 'fahanngoni@gmail.com', '0791946468', '$2y$11$36/n4PI.cb1ys17dDNEaLOCB3byslgfwJu7FXNp.o03IRIkHadNee', 'APP20240504TnEX3sj', 'PsychImage20240513at070126pmfec5qs9g.jpg', '234', '1234567', 'Winnie Kandie', '07123454545', 'KCB', 'A1A1', 3000.00, 6, 10.00, 'active', '2024-05-09 16:22:41'),
('L1A0dko', 'Michael Selunani', 'michael1998march@gmail.com', '123568', '$2y$11$dK7oUS6n/fETa9IPyxi1NeuSlSBf09GLgkFFWOdvKUj84oGAi2mb.', 'APP202405068PM1kDu', NULL, '234432', 'A011234567', 'Winnie Kandie', '07123454545', 'KCB', 'A1A1', 50000.00, 4, NULL, 'active', '2024-05-08 12:11:58'),
('LAN20230228JNo0abc', 'Edwin Khiranga', 'edwin@test.com', '0123456789', '$2y$11$NHJnqtVe6MVcEPv90Cahku0cuor/eJA6BdaUnT4.QUPo6SynpcCFy', 'APP20240503h7o1wxG,APP20240504ZA2RxM3', '1694663932638.jpg', '23456789', 'A024324324', 'Peter Ndungu', '07123454545', 'ABSA', '454RDGA', 30000.00, 16, NULL, 'active', '2023-03-13 11:18:42'),
('LAN20240805n27apFh', 'Edwin Mwendi', 'nmwendi@gmail.com', '0720647557', '$2y$11$OEaE7QpbLFXTpW3QGITTluv5MeBRwhVld6OGzcvs353CV9vorJXNu', NULL, NULL, '228545419', 'a003151280b', 'Mwe', '0720647557', 'KCB', '12345678912', 10000.00, 5, 70.00, 'inactive', '2024-08-05 15:22:41'),
('Rxgq2Fl', 'Project Pat', 'pmanyara97@gmail.com', '0745858891', '$2y$11$8ZEmYoV8TN3FO9uAYXg0TuvOut.ih2c1PXSHiuHOFEtsHYG1LFS0e', 'APP20240506hExZ3OM', NULL, '1234', '1234', 'Dan', '0745858891', 'ABSA', 'ABSA', 10000.00, 2, 12.00, 'active', '2024-05-26 19:11:54');

-- --------------------------------------------------------

--
-- Table structure for table `metadata`
--

CREATE TABLE `metadata` (
  `metadata_id` varchar(255) CHARACTER SET utf8mb4 COLLATE utf8mb4_0900_ai_ci NOT NULL,
  `metadata_table` varchar(255) CHARACTER SET utf8mb4 COLLATE utf8mb4_0900_ai_ci NOT NULL,
  `metadata_action` varchar(255) CHARACTER SET utf8mb4 COLLATE utf8mb4_0900_ai_ci NOT NULL,
  `metadata_key` varchar(255) CHARACTER SET utf8mb4 COLLATE utf8mb4_0900_ai_ci NOT NULL,
  `metadata_role` varchar(255) NOT NULL,
  `metadata_user` varchar(255) NOT NULL,
  `metadata_date_created` datetime NOT NULL DEFAULT CURRENT_TIMESTAMP
) ENGINE=InnoDB DEFAULT CHARSET=utf8mb4 COLLATE=utf8mb4_0900_ai_ci;

--
-- Dumping data for table `metadata`
--

INSERT INTO `metadata` (`metadata_id`, `metadata_table`, `metadata_action`, `metadata_key`, `metadata_role`, `metadata_user`, `metadata_date_created`) VALUES
('META20240526Q6ylxbU', 'property', 'Activate Landlord', 'APP20240504TnEX3sj', 'Admin', 'ADM20230228JNo0abc', '2024-05-26 20:26:14'),
('META20240526vWB6Nok', 'property', 'Activate Landlord', 'APP20240504TnEX3sj', 'Admin', 'ADM20230228JNo0abc', '2024-05-26 20:26:11'),
('META20240527fOA3czv', 'Booking', 'Admit Tenant', 'FZXCSHj', 'Landlord', 'Rxgq2Fl', '2024-05-27 00:34:32'),
('META20240527MfRAjQW', 'Booking', 'Admit Tenant', 'FZXCSHj', 'Landlord', 'Rxgq2Fl', '2024-05-27 00:29:57'),
('yNkBepJ', 'landlord', 'Activate Landlord', 'Rxgq2Fl', 'Admin', 'ADM20230228JNo0abc', '2024-05-26 19:49:39');

-- --------------------------------------------------------

--
-- Table structure for table `password_reset`
--

CREATE TABLE `password_reset` (
  `password_reset_id` varchar(255) NOT NULL,
  `password_reset_email` varchar(255) NOT NULL,
  `password_reset_selector` text NOT NULL,
  `password_reset_validator` text NOT NULL,
  `password_reset_token` longtext NOT NULL,
  `password_reset_expires` text NOT NULL,
  `password_reset_date_created` datetime NOT NULL DEFAULT CURRENT_TIMESTAMP
) ENGINE=InnoDB DEFAULT CHARSET=utf8mb4 COLLATE=utf8mb4_0900_ai_ci;

-- --------------------------------------------------------

--
-- Table structure for table `password_token`
--

CREATE TABLE `password_token` (
  `password_token_id` varchar(255) NOT NULL,
  `password_token` varchar(255) NOT NULL,
  `user_key` varchar(255) NOT NULL,
  `password_token_date_created` datetime NOT NULL DEFAULT CURRENT_TIMESTAMP
) ENGINE=InnoDB DEFAULT CHARSET=utf8mb4 COLLATE=utf8mb4_0900_ai_ci;

-- --------------------------------------------------------

--
-- Table structure for table `payment`
--

CREATE TABLE `payment` (
  `payment_id` varchar(255) NOT NULL,
  `user_id` varchar(255) NOT NULL,
  `property_id` varchar(255) NOT NULL,
  `property_unit_id` varchar(255) DEFAULT NULL,
  `payment_paid` enum('paid','unpaid') NOT NULL DEFAULT 'paid',
  `payment_amount` float(10,2) DEFAULT NULL,
  `payment_date_created` datetime NOT NULL DEFAULT CURRENT_TIMESTAMP
) ENGINE=InnoDB DEFAULT CHARSET=utf8mb4 COLLATE=utf8mb4_0900_ai_ci;

--
-- Dumping data for table `payment`
--

INSERT INTO `payment` (`payment_id`, `user_id`, `property_id`, `property_unit_id`, `payment_paid`, `payment_amount`, `payment_date_created`) VALUES
('0iH2BVUjXhp', 'OsA5miKC0F9', 'APP20240504ZA2RxM3', 'UNT202405058pwxqYA', 'paid', 10000.00, '2023-10-10 02:15:12'),
('0s1KvoWQJcj', 'cqbtO30oygT', 'APP202405068PM1kDu', 'UNT20240506ZNyOuni', 'paid', 10000.00, '2023-04-10 09:24:29'),
('1C3xrHiJQkT', 'cqbtO30oygT', 'APP202405068PM1kDu', 'UNT20240506ZNyOuni', 'paid', 10000.00, '2023-04-10 15:32:02'),
('4vGziprqAZc', 'OsA5miKC0F9', 'APP20240506hExZ3OM', 'UNT20240506E7z0prW', 'paid', 10000.00, '2023-04-08 12:49:07'),
('4XFj5qdOHwN', '6ZO1cSDIKJj', 'APP20240504TnEX3sj', 'UNT20240507oLJbFCM', 'paid', 10000.00, '2023-05-05 22:53:33'),
('5nQ132fdJMX', '0CGnJZv9zBA', 'APP20240503h7o1wxG', 'UNT20240507K4Lfs8n', 'paid', 10000.00, '2023-02-02 09:54:34'),
('6dzTWD0KnMA', 'cqbtO30oygT', 'APP20240504ZA2RxM3', 'UNT202405058pwxqYA', 'paid', 10000.00, '2023-01-11 23:30:05'),
('6grFHPsW3R7', 'FpGi0KEPf8Y', 'APP20240504TnEX3sj', 'UNT20240507oLJbFCM', 'paid', 10000.00, '2023-05-06 12:01:19'),
('7HgRBTw1ezO', '0jog3yIUCGA', 'APP20240506hExZ3OM', 'UNT20240506E7z0prW', 'paid', 10000.00, '2023-03-22 10:00:04'),
('8S45pucGTB7', '0VK7FPymEhq', 'APP20240503h7o1wxG', 'UNT20240507QiydL0q', 'paid', 10000.00, '2023-02-14 03:33:54'),
('97GyM6pxlC1', '0VK7FPymEhq', 'APP20240503h7o1wxG', 'UNT20240507K4Lfs8n', 'paid', 10000.00, '2023-02-14 00:50:27'),
('A5ghDconeY6', 'cqbtO30oygT', 'APP202405068PM1kDu', 'UNT20240506ZNyOuni', 'paid', 10000.00, '2023-04-10 00:02:40'),
('aBwuTsrESd6', '0VK7FPymEhq', 'APP20240503h7o1wxG', 'UNT20240507QiydL0q', 'paid', 10000.00, '2023-02-24 13:33:34'),
('aYNtRL9JVEp', 'xso3gzWnRw8', 'APP20240506hExZ3OM', 'UNT20240506E7z0prW', 'paid', 10000.00, '2023-02-02 07:25:02'),
('AZ3ovHG24fY', 'cqbtO30oygT', 'APP20240504ZA2RxM3', 'UNT202405058pwxqYA', 'paid', 10000.00, '2023-01-26 03:03:42'),
('bIPNKemR5qu', 'aSzGs7EvBxN', 'APP20240503h7o1wxG', 'UNT20240507K4Lfs8n', 'paid', 10000.00, '2023-02-14 03:41:39'),
('BKN202405059g7sInl', 'OsA5miKC0F9', 'APP20240504ZA2RxM3', 'UNT202405058pwxqYA', 'paid', 10000.00, '2024-05-05 13:37:13'),
('BKN20240506cOTLGj1', 't3JCHT8PK5F', 'APP20240504ZA2RxM3', 'UNT20240505H2S5bTy', 'paid', 10000.00, '2024-05-06 12:27:07'),
('BKN20240506mUaSnDe', 't3JCHT8PK5F', 'APP20240504ZA2RxM3', 'UNT202405058pwxqYA', 'paid', 10000.00, '2024-09-10 12:23:32'),
('BKN20240506T8OdwxJ', 't3JCHT8PK5F', 'APP20240504ZA2RxM3', 'UNT202405058pwxqYA', 'paid', 10000.00, '2024-05-06 19:10:56'),
('BKN20240508lJ02d6v', 't3JCHT8PK5F', 'APP20240506hExZ3OM', 'UNT20240506E7z0prW', 'paid', 10000.00, '2024-05-08 09:08:06'),
('Bxs58Nz134A', '0jog3yIUCGA', 'APP20240504ZA2RxM3', 'UNT202405058pwxqYA', 'paid', 10000.00, '2023-01-06 09:46:32'),
('cDXfrmQqs0M', '0VK7FPymEhq', 'APP20240504TnEX3sj', 'UNT20240507oLJbFCM', 'paid', 10000.00, '2023-05-08 17:50:11'),
('cnJCRK89eSD', 'O4SzKMjwBGt', 'APP20240504TnEX3sj', 'UNT20240507oLJbFCM', 'paid', 10000.00, '2023-05-08 08:29:39'),
('CPwyxdFNf2e', 'iAFH139ek8q', 'APP20240504TnEX3sj', 'UNT20240507oLJbFCM', 'paid', 10000.00, '2023-05-08 20:09:08'),
('CTO9wsDINvf', '0VK7FPymEhq', 'APP20240504TnEX3sj', 'UNT20240507oLJbFCM', 'paid', 10000.00, '2023-05-08 17:52:09'),
('cWhkdbjF6Pi', '0VK7FPymEhq', 'APP20240504TnEX3sj', 'UNT20240507oLJbFCM', 'paid', 10000.00, '2023-05-09 19:56:06'),
('Df3GkFy79BM', 'FdaVCtQgAK5', 'APP20240503h7o1wxG', 'UNT20240507K4Lfs8n', 'paid', 10000.00, '2023-02-20 21:44:21'),
('DoWxAZqcNyE', 'cqbtO30oygT', 'APP202405068PM1kDu', 'UNT20240506ZNyOuni', 'paid', 10000.00, '2023-04-08 16:44:24'),
('E12rfPnDSWI', 'W1g72jy0FAe', 'APP20240504TnEX3sj', 'UNT20240507lZEpVne', 'paid', 10000.00, '2023-04-29 17:14:32'),
('e1nYwQdi7O0', 'iWzTcjOEhXx', 'APP20240504TnEX3sj', 'UNT20240507lZEpVne', 'paid', 10000.00, '2023-05-08 17:12:53'),
('e8znfxmd0NY', '0jog3yIUCGA', 'APP20240506hExZ3OM', 'UNT20240506E7z0prW', 'paid', 10000.00, '2023-05-08 15:55:31'),
('eDLmYuOqc7T', '0VK7FPymEhq', 'APP20240504TnEX3sj', 'UNT20240507oLJbFCM', 'paid', 10000.00, '2023-05-05 19:44:43'),
('eKXk0pV9U2m', 'oJtHC1p48sF', 'APP20240504TnEX3sj', 'UNT20240507oLJbFCM', 'paid', 10000.00, '2023-03-07 13:16:03'),
('EovO619zTwC', 'cqbtO30oygT', 'APP202405068PM1kDu', 'UNT20240506ZNyOuni', 'paid', 10000.00, '2023-04-08 16:46:53'),
('FbSrlzLQ6f3', 'FBZdwEa9Gx1', 'APP20240503h7o1wxG', 'UNT20240507K4Lfs8n', 'paid', 10000.00, '2023-02-27 12:15:00'),
('feBm2c9OWk6', 'FdaVCtQgAK5', 'APP20240504TnEX3sj', 'UNT20240507lZEpVne', 'paid', 10000.00, '2023-02-24 13:43:17'),
('fiboKQOCT9s', 'aLdFUHYmISu', 'APP20240504ZA2RxM3', 'UNT202405058pwxqYA', 'paid', 10000.00, '2023-01-17 10:10:46'),
('FkmAaejC46E', 'FBZdwEa9Gx1', 'APP20240503h7o1wxG', 'UNT20240507QiydL0q', 'paid', 10000.00, '2023-02-27 14:08:53'),
('FsCRnJNlpOo', 'q9cS2voZRNs', 'APP20240504ZA2RxM3', 'UNT202405058pwxqYA', 'paid', 10000.00, '2022-12-30 02:13:23'),
('g6zGxSsAKTP', 'eMn0YzbGv24', 'APP20240504TnEX3sj', 'UNT20240507lZEpVne', 'paid', 10000.00, '2023-03-14 14:22:19'),
('goW4nvhQGxE', 'rYBxskOQ81d', 'APP20240504TnEX3sj', 'UNT20240507lZEpVne', 'paid', 10000.00, '2023-03-07 13:29:20'),
('hbTp2uWeUnf', 't3JCHT8PK5F', 'APP20240504ZA2RxM3', 'UNT202405058pwxqYA', 'paid', 10000.00, '2022-12-23 13:13:25'),
('HD4Qszixa8S', 't3JCHT8PK5F', 'APP20240503h7o1wxG', 'UNT20240507K4Lfs8n', 'paid', 10000.00, '2022-11-29 23:12:01'),
('Hf01yCESJpa', 'xso3gzWnRw8', 'APP20240504ZA2RxM3', 'UNT202405058pwxqYA', 'paid', 10000.00, '2023-01-17 01:01:27'),
('hkofqAQa1BS', 'MBI9GsWZp6J', 'APP20240504TnEX3sj', 'UNT20240507oLJbFCM', 'paid', 10000.00, '2023-04-29 09:38:47'),
('IOHP19nNkp3', 'GedFz6wxth9', 'APP202405068PM1kDu', 'UNT20240506GQX2PuI', 'paid', 10000.00, '2023-01-25 08:00:33'),
('iU2a7s5lZnr', 'cqbtO30oygT', 'APP202405068PM1kDu', 'UNT20240506ZNyOuni', 'paid', 10000.00, '2023-04-08 16:31:03'),
('IyNMiCZAk01', '0jog3yIUCGA', 'APP20240506hExZ3OM', 'UNT20240506E7z0prW', 'paid', 10000.00, '2023-05-08 16:00:50'),
('IZ4hyKl8uAi', 'T3NqboDua4S', 'APP20240504TnEX3sj', 'UNT20240507oLJbFCM', 'paid', 10000.00, '2023-03-10 17:41:02'),
('JjoWBSpAtCs', 'cqbtO30oygT', 'APP20240504ZA2RxM3', 'UNT202405058pwxqYA', 'paid', 10000.00, '2023-01-11 09:17:18'),
('Jk5gMD4G0rd', 'cKQukE2aDdS', 'APP20240504ZA2RxM3', 'UNT202405058pwxqYA', 'paid', 10000.00, '2023-05-09 19:55:37'),
('k6LtIwe', 't3JCHT8PK5F', 'APP20240506hExZ3OM', 'UNT20240506E7z0prW', 'paid', 50000.00, '2024-03-08 09:57:31'),
('k6LtIwe4545', 't3JCHT8PK5F', 'APP20240506hExZ3OM', 'UNT20240506E7z0prW', 'paid', 50000.00, '2023-12-08 09:57:31'),
('k6LtIY23s', 't3JCHT8PK5F', 'APP20240506hExZ3OM', 'UNT20240506E7z0prW', 'paid', 50000.00, '2024-02-08 09:57:31'),
('k6LtIY23s4545', 't3JCHT8PK5F', 'APP20240506hExZ3OM', 'UNT20240506E7z0prW', 'paid', 50000.00, '2024-01-08 09:57:31'),
('k6LtIYV', 't3JCHT8PK5F', 'APP20240506hExZ3OM', 'UNT20240506E7z0prW', 'paid', 50000.00, '2024-05-08 09:57:31'),
('k6LtIYVa', 't3JCHT8PK5F', 'APP20240506hExZ3OM', 'UNT20240506E7z0prW', 'paid', 50000.00, '2024-04-08 09:57:31'),
('kaiQEIU98zT', 'cqbtO30oygT', 'APP20240504ZA2RxM3', 'UNT202405058pwxqYA', 'paid', 10000.00, '2023-01-11 09:16:59'),
('kE3ijQLmaf1', 'cqbtO30oygT', 'APP20240504ZA2RxM3', 'UNT202405058pwxqYA', 'paid', 10000.00, '2023-01-06 09:12:47'),
('kqzShuOFGVd', 's6HugqmKJbN', 'APP202405068PM1kDu', 'UNT20240506ZNyOuni', 'paid', 10000.00, '2023-04-11 10:45:21'),
('Kx7oy820Wes', 'cqbtO30oygT', 'APP20240504ZA2RxM3', 'UNT202405058pwxqYA', 'paid', 10000.00, '2023-01-11 08:55:13'),
('LmKdpEPv8wT', '6ZO1cSDIKJj', 'APP20240504TnEX3sj', 'UNT20240507oLJbFCM', 'paid', 10000.00, '2023-05-05 22:49:52'),
('LNuPlOR4Khy', 'cqbtO30oygT', 'APP20240504ZA2RxM3', 'UNT202405058pwxqYA', 'paid', 10000.00, '2023-01-11 08:46:29'),
('lSihZVDvta8', 'aSzGs7EvBxN', 'APP202405068PM1kDu', 'UNT20240507lZEpVne', 'paid', 10000.00, '2022-12-23 12:36:31'),
('lVy4uqO', 't3JCHT8PK5F', 'APP20240504ZA2RxM3', 'UNT202405058pwxqYA', 'paid', 300.00, '2024-05-06 14:48:14'),
('m2AnPOYyCv9', 'OsA5miKC0F9', 'APP20240504TnEX3sj', 'UNT20240507lZEpVne', 'paid', 10000.00, '2023-05-10 15:55:09'),
('moxMfLO2vZt', 'cqbtO30oygT', 'APP202405068PM1kDu', 'UNT20240506ZNyOuni', 'paid', 10000.00, '2023-04-10 15:35:57'),
('NfQ1IWC', 't3JCHT8PK5F', 'APP20240504ZA2RxM3', 'UNT202405058pwxqYA', 'paid', 300.00, '2024-05-06 19:17:23'),
('nMXgCIbV9H1', 'DGgf4ajClES', 'APP20240504TnEX3sj', 'UNT20240507lZEpVne', 'paid', 10000.00, '2023-03-01 13:30:21'),
('nUsGa6NpOHf', '6uY1N4c9VEl', 'APP20240504TnEX3sj', 'UNT20240507lZEpVne', 'paid', 10000.00, '2023-02-27 14:10:05'),
('NY4iQAHXK8s', '', 'APP20240506hExZ3OM', 'UNT20240506E7z0prW', 'paid', 10000.00, '2023-05-08 16:22:25'),
('OcGMWhEl0Zp', 'cqbtO30oygT', 'APP202405068PM1kDu', 'UNT20240506ZNyOuni', 'paid', 10000.00, '2023-04-08 16:55:13'),
('OMdPYqzEAQh', 'haoG90S1fpe', 'APP20240504ZA2RxM3', 'UNT202405058pwxqYA', 'paid', 10000.00, '2023-01-24 06:55:18'),
('P79863XWlDx', 'cqbtO30oygT', 'APP202405068PM1kDu', 'UNT20240506ZNyOuni', 'paid', 10000.00, '2023-04-08 16:58:54'),
('PAY123ABC', 't3JCHT8PK5F', 'APP20240503h7o1wxG', 'UNT20240507K4Lfs8n', 'paid', 50000.00, '2023-11-08 09:57:31'),
('PAY123AXS', 't3JCHT8PK5F', 'APP20240503h7o1wxG', 'UNT20240507K4Lfs8n', 'paid', 50000.00, '2023-09-08 09:57:31'),
('PAY3ABCXS', 't3JCHT8PK5F', 'APP20240503h7o1wxG', 'UNT20240507K4Lfs8n', 'paid', 50000.00, '2023-10-08 09:57:31'),
('pMenBDzCh1j', 's6HugqmKJbN', 'APP20240504TnEX3sj', 'UNT20240507lZEpVne', 'paid', 10000.00, '2023-04-09 23:59:16'),
('pS3gePYzhy0', 'cqbtO30oygT', 'APP20240503h7o1wxG', 'UNT20240507K4Lfs8n', 'paid', 10000.00, '2023-02-09 04:48:37'),
('PSoY6QACrat', 'eMn0YzbGv24', 'APP20240503h7o1wxG', 'UNT20240507K4Lfs8n', 'paid', 10000.00, '2023-02-14 03:44:54'),
('qH2GeYpK4x3', 'haoG90S1fpe', 'APP20240504ZA2RxM3', 'UNT202405058pwxqYA', 'paid', 10000.00, '2023-01-26 03:33:39'),
('qiGy4pMS5WT', 'GedFz6wxth9', 'APP20240504ZA2RxM3', 'UNT202405058pwxqYA', 'paid', 10000.00, '2023-01-17 10:05:26'),
('qJAZs4O7cXe', '6uY1N4c9VEl', 'UNT20240506ZNyOuni', 'UNT20240507lZEpVne', 'paid', 10000.00, '2022-12-07 04:57:38'),
('QJxAv8h1E36', 'cqbtO30oygT', 'APP20240503h7o1wxG', 'UNT20240507K4Lfs8n', 'paid', 10000.00, '2023-04-09 13:34:40'),
('qQZwr9DBnM8', 'LxvTVYXQi3y', 'APP20240506hExZ3OM', 'UNT20240506E7z0prW', 'paid', 10000.00, '2023-02-28 13:33:57'),
('Qr74jLwJ5U6', 'haoG90S1fpe', 'APP20240504ZA2RxM3', 'UNT202405058pwxqYA', 'paid', 10000.00, '2022-12-23 23:29:38'),
('r1NvDhZVa8j', 'w0pxq1Tnogs', 'APP20240504TnEX3sj', 'UNT20240507oLJbFCM', 'paid', 10000.00, '2023-03-07 13:24:50'),
('r1PYonXWVxA', '0VK7FPymEhq', 'APP20240503h7o1wxG', 'UNT20240507QiydL0q', 'paid', 10000.00, '2023-02-24 13:35:55'),
('R45Tdu0sxCD', 'Bhm81a7NIHs', 'APP20240504ZA2RxM3', 'UNT202405058pwxqYA', 'paid', 10000.00, '2023-01-11 23:27:53'),
('rPzCuSKpRml', 'J51oy6lguEe', 'APP20240504ZA2RxM3', 'UNT202405058pwxqYA', 'paid', 10000.00, '2022-12-23 12:02:52'),
('RTFzVUkIv6C', 'dQqDMig8f7r', 'APP20240504TnEX3sj', 'UNT20240507oLJbFCM', 'paid', 10000.00, '2023-04-25 15:33:13'),
('SES20230510NjZsBOY', '', 'APP20240504TnEX3sj', 'UNT20240507oLJbFCM', 'paid', 10000.00, '2023-05-10 20:03:54'),
('SES20230510usEtPi5', 't3JCHT8PK5F', 'APP20240503h7o1wxG', 'UNT20240507QiydL0q', 'paid', 10000.00, '2023-05-10 19:55:34'),
('SES2023051243oSzwA', 't3JCHT8PK5F', 'APP20240506hExZ3OM', 'UNT20240506GQX2PuI', 'paid', 10000.00, '2023-05-12 11:44:26'),
('SES202305129RYs0Bq', 'USR20230512ougrvlQ', 'APP20240504ZA2RxM3', 'UNT20240505H2S5bTy', 'paid', 10000.00, '2023-05-12 18:57:07'),
('SES20230512AiTW2HC', 't3JCHT8PK5F', 'APP202405068PM1kDu', 'UNT20240506ZNyOuni', 'paid', 10000.00, '2023-05-12 12:08:22'),
('SES20230512jSPKmlO', 'USR20230512ougrvlQ', 'APP20240504ZA2RxM3', 'UNT20240505H2S5bTy', 'paid', 10000.00, '2023-05-12 18:33:19'),
('SES20230512pkCRrT2', 'OsA5miKC0F9', 'APP20240504TnEX3sj', 'UNT20240507lZEpVne', 'paid', 10000.00, '2023-05-12 00:17:43'),
('SES2023052247J91ei', '', 'APP20240504TnEX3sj', 'UNT20240507lZEpVne', 'paid', 10000.00, '2023-05-22 23:57:51'),
('SES202305241R3t0ln', 'USR20230524S7pw85F', 'APP20240504TnEX3sj', 'UNT20240507oLJbFCM', 'paid', 10000.00, '2023-05-24 14:32:38'),
('SES20230531faOriJ9', '', 'APP20240504ZA2RxM3', 'UNT202405058pwxqYA', 'paid', 10000.00, '2023-05-31 00:59:39'),
('SES20230531gFLQndM', '', 'APP20240504TnEX3sj', 'UNT20240507oLJbFCM', 'paid', 10000.00, '2023-05-31 10:35:38'),
('SES20230605brWE9tP', 'OsA5miKC0F9', 'APP20240504ZA2RxM3', 'UNT202405058pwxqYA', 'paid', 10000.00, '2023-06-05 12:32:40'),
('SES20230605IDHBK2J', 'USR202306055kfTVb0', 'APP20240504ZA2RxM3', 'UNT202405058pwxqYA', 'paid', 10000.00, '2023-06-05 12:58:15'),
('SES20230606jBMD5fS', 'O4SzKMjwBGt', 'APP20240504TnEX3sj', 'UNT20240507tVZk4iz', 'paid', 10000.00, '2023-06-06 19:28:44'),
('SES20230606YxgZN5z', '', 'APP20240504TnEX3sj', 'UNT20240507tVZk4iz', 'paid', 10000.00, '2023-06-06 19:27:28'),
('SES20230608sSXzrt4', '', 'APP20240504ZA2RxM3', 'UNT202405058pwxqYA', 'paid', 10000.00, '2023-06-08 15:05:29'),
('SES20230608TQAZt2y', 'USR20230608VhuE5tc', 'APP20240504ZA2RxM3', 'UNT202405058pwxqYA', 'paid', 10000.00, '2023-06-08 15:09:56'),
('SES20230609kwGyjzx', 'USR20230609neXZ1vW', 'APP202405068PM1kDu', 'UNT20240506ZNyOuni', 'paid', 10000.00, '2023-06-09 19:14:45'),
('SES20230609pbaJl2c', '', 'APP20240504TnEX3sj', 'UNT20240507tVZk4iz', 'paid', 10000.00, '2023-06-09 15:37:41'),
('SES20230610WklMDjs', '', 'APP20240504TnEX3sj', 'UNT20240507tVZk4iz', 'paid', 10000.00, '2023-06-10 09:44:16'),
('SES20230612a49RK2Z', '0VK7FPymEhq', 'APP20240504TnEX3sj', 'UNT20240507tVZk4iz', 'paid', 10000.00, '2023-06-12 11:46:12'),
('SES20230612FECbeSY', '0VK7FPymEhq', 'APP20240504TnEX3sj', 'UNT20240507tVZk4iz', 'paid', 10000.00, '2023-06-12 11:44:08'),
('SES20230612wOXMW4N', '0VK7FPymEhq', 'APP20240504TnEX3sj', 'UNT20240507tVZk4iz', 'paid', 10000.00, '2023-06-12 12:17:13'),
('SES20230612Y0F2GLK', '0VK7FPymEhq', 'APP20240503h7o1wxG', 'UNT20240507K4Lfs8n', 'paid', 10000.00, '2023-06-12 23:47:52'),
('SES20230613TUhHl3N', '0VK7FPymEhq', 'APP20240503h7o1wxG', 'UNT20240507K4Lfs8n', 'paid', 10000.00, '2023-06-13 12:52:55'),
('SES20230614DWCXoLa', '', 'APP20240504TnEX3sj', 'UNT20240507lZEpVne', 'paid', 10000.00, '2023-06-14 12:22:42'),
('SES20230614fEzuT8A', '', 'APP20240504TnEX3sj', 'UNT20240507lZEpVne', 'paid', 10000.00, '2023-06-14 12:03:58'),
('SES20230614km6vHwB', '', 'APP20240504TnEX3sj', 'UNT20240507lZEpVne', 'paid', 10000.00, '2023-06-14 12:21:47'),
('SES20230619ZT0N1Px', '', 'APP20240504TnEX3sj', 'UNT20240507lZEpVne', 'paid', 10000.00, '2023-06-19 17:24:49'),
('SES20230620V9Q2jna', 'FBZdwEa9Gx1', 'APP20240503h7o1wxG', 'UNT20240507QiydL0q', 'paid', 10000.00, '2023-06-20 09:01:42'),
('SES20230626jFtukqW', '0VK7FPymEhq', 'APP20240504TnEX3sj', 'UNT20240507lZEpVne', 'paid', 10000.00, '2023-06-26 19:28:23'),
('SES20230626SBFWJnN', '', 'APP20240504TnEX3sj', 'UNT20240507lZEpVne', 'paid', 10000.00, '2023-06-26 19:15:23'),
('SES20230630wopgbDz', '', 'APP20240504TnEX3sj', 'UNT20240507lZEpVne', 'paid', 10000.00, '2023-06-30 21:28:16'),
('SES202307055I37vUB', '', 'APP20240506hExZ3OM', 'UNT20240506E7z0prW', 'paid', 10000.00, '2023-07-05 13:43:11'),
('SES20230714XfhuCFU', '', 'APP20240504TnEX3sj', 'UNT20240507lZEpVne', 'paid', 10000.00, '2023-07-14 23:23:50'),
('SES20230720jAMkNES', '', 'APP20240504TnEX3sj', 'UNT20240507lZEpVne', 'paid', 10000.00, '2023-07-20 12:19:38'),
('SES20230721IazWNyZ', '0VK7FPymEhq', 'APP20240504TnEX3sj', 'UNT20240507lZEpVne', 'paid', 10000.00, '2023-07-21 22:44:21'),
('SES20230722KmIwxBP', 'USR20230722zFk0ugQ', 'APP20240506hExZ3OM', 'UNT20240506E7z0prW', 'paid', 10000.00, '2023-07-22 15:04:55'),
('SES20230724aN41WGU', 'USR20230724NiKXICo', 'APP20240504TnEX3sj', 'UNT20240507lZEpVne', 'paid', 10000.00, '2023-07-24 18:54:27'),
('SES20230724lArDnJb', '', 'APP20240504TnEX3sj', 'UNT20240507lZEpVne', 'paid', 10000.00, '2023-07-24 18:49:46'),
('SES20230807XkKAaus', '', 'APP20240504ZA2RxM3', 'UNT202405058pwxqYA', 'paid', 10000.00, '2023-08-07 13:29:30'),
('SES20230808QnM8bmO', 'FBZdwEa9Gx1', 'APP202405068PM1kDu', 'UNT20240506ZNyOuni', 'paid', 10000.00, '2023-08-08 15:14:49'),
('SES20230809bHQCzwj', '', 'APP20240504TnEX3sj', 'UNT20240507lZEpVne', 'paid', 10000.00, '2023-08-09 16:35:39'),
('SES20230809SbrZYRt', 'FBZdwEa9Gx1', 'APP202405068PM1kDu', 'UNT20240506ZNyOuni', 'paid', 10000.00, '2023-08-09 01:10:07'),
('SES20230810PgMx2E8', '', 'APP20240504TnEX3sj', 'UNT20240507lZEpVne', 'paid', 10000.00, '2023-08-10 12:19:44'),
('SES20230814hiTD31w', '', 'APP20240504TnEX3sj', 'UNT20240507lZEpVne', 'paid', 10000.00, '2023-08-14 14:22:46'),
('SES20230815JIWzAgO', 'FBZdwEa9Gx1', 'APP202405068PM1kDu', 'UNT20240506ZNyOuni', 'paid', 10000.00, '2023-08-15 14:14:54'),
('SES202308160kEBXST', '', 'APP20240504ZA2RxM3', 'UNT202405058pwxqYA', 'paid', 10000.00, '2023-08-16 09:47:45'),
('SES20230816zK0qp7W', '', 'APP20240504ZA2RxM3', 'UNT20240505H2S5bTy', 'paid', 10000.00, '2023-08-16 16:43:48'),
('SES202308224iqv5Nj', '', 'APP20240504ZA2RxM3', 'UNT202405058pwxqYA', 'paid', 10000.00, '2023-08-22 15:35:40'),
('SES202308231L5Dvth', '', 'APP20240504ZA2RxM3', 'UNT202405058pwxqYA', 'paid', 10000.00, '2023-08-23 15:46:30'),
('SES20230823lrH4CVh', '', 'APP20240504ZA2RxM3', 'UNT202405058pwxqYA', 'paid', 10000.00, '2023-08-23 15:46:20'),
('SES20230829xFTM4G1', '', 'APP20240504ZA2RxM3', 'UNT202405058pwxqYA', 'paid', 10000.00, '2023-08-29 19:46:59'),
('SES20230831lItWPj5', 'USR20230831A0CWduV', 'APP20240504TnEX3sj', 'UNT20240507lZEpVne', 'paid', 10000.00, '2023-08-31 00:11:18'),
('SES20230901AICjl9S', '0VK7FPymEhq', 'APP20240504TnEX3sj', 'UNT20240507lZEpVne', 'paid', 10000.00, '2023-09-01 10:30:04'),
('SES20230901QizxV3Y', '0VK7FPymEhq', 'APP20240504TnEX3sj', 'UNT20240507lZEpVne', 'paid', 10000.00, '2023-09-01 09:57:51'),
('SES20230908AioRX81', 'FBZdwEa9Gx1', 'APP202405068PM1kDu', 'UNT202405064kD62PW', 'paid', 10000.00, '2023-09-08 15:53:37'),
('SES20230911UIk1VEO', 'USR20230911KIbBhok', 'APP20240504ZA2RxM3', 'UNT20240505H2S5bTy', 'paid', 10000.00, '2023-09-11 10:36:23'),
('SES20230916suGwa10', '', 'APP20240504ZA2RxM3', 'UNT202405058pwxqYA', 'paid', 10000.00, '2023-09-16 19:29:08'),
('SES20230926hwCXyBq', '', 'APP20240504TnEX3sj', 'UNT20240507lZEpVne', 'paid', 10000.00, '2023-09-26 17:14:20'),
('SES20230926PSvdNtZ', '', 'APP20240504TnEX3sj', 'UNT20240507lZEpVne', 'paid', 10000.00, '2023-09-26 17:14:20'),
('SES20230930WEfgA9k', '', 'APP20240506hExZ3OM', 'UNT20240506E7z0prW', 'paid', 10000.00, '2023-09-30 17:44:09'),
('SES20231209bMApUSN', 'FBZdwEa9Gx1', 'APP20240504TnEX3sj', 'UNT20240507lZEpVne', 'paid', 10000.00, '2023-12-09 20:10:40'),
('SES20231210Uy1wLY1', 'FBZdwEa9Gx1', 'APP20240504ZA2RxM3', 'UNT20240505H2S5bTy', 'paid', 10000.00, '2023-12-10 16:19:18'),
('SES20231210Uy1wLYU', 'FBZdwEa9Gx1', 'APP20240504ZA2RxM3', 'UNT20240505H2S5bTy', 'paid', 10000.00, '2023-12-10 16:19:18'),
('SES20231221D9jxoFm', '0VK7FPymEhq', 'APP20240504TnEX3sj', 'UNT20240507lZEpVne', 'paid', 10000.00, '2023-12-21 14:49:44'),
('SES20231221hRwHnIc', '0VK7FPymEhq', 'APP20240504TnEX3sj', 'UNT20240507lZEpVne', 'paid', 10000.00, '2023-12-21 14:44:32'),
('SES20240111jMVFBli', '', 'APP20240506hExZ3OM', 'UNT20240506E7z0prW', 'paid', 10000.00, '2024-01-11 12:54:25'),
('SES20240120hg8ni9r', '0VK7FPymEhq', 'APP20240506hExZ3OM', 'UNT20240506E7z0prW', 'paid', 10000.00, '2024-01-20 16:26:41'),
('SES20240123ye7Sut4', 'FBZdwEa9Gx1', 'APP20240504ZA2RxM3', 'UNT20240505H2S5bTy', 'paid', 10000.00, '2024-01-23 09:40:04'),
('SES202401240e5CrqA', 'OsA5miKC0F9', 'APP20240504TnEX3sj', 'UNT20240507lZEpVne', 'paid', 10000.00, '2024-01-24 18:20:15'),
('SES20240124SUzx65w', 'USR202401249iL2MFx', 'APP20240504ZA2RxM3', 'UNT20240505H2S5bTy', 'paid', 10000.00, '2024-01-24 13:00:17'),
('SES20240124wdm2YRi', '', 'APP20240504TnEX3sj', 'UNT20240507lZEpVne', 'paid', 10000.00, '2024-01-24 18:19:22'),
('SES202401268ExuTKb', 'FBZdwEa9Gx1', 'APP20240504ZA2RxM3', 'UNT20240505H2S5bTy', 'paid', 10000.00, '2024-01-26 15:34:51'),
('SES20240126f8bRry0', 'FBZdwEa9Gx1', 'APP20240504ZA2RxM3', 'UNT20240505H2S5bTy', 'paid', 10000.00, '2024-01-26 12:24:54'),
('SES20240126HGXc3AC', 'FBZdwEa9Gx1', 'APP20240504ZA2RxM3', 'UNT20240505H2S5bTy', 'paid', 10000.00, '2024-01-26 12:22:10'),
('SES20240126jKC2QLt', 'FBZdwEa9Gx1', 'APP20240504ZA2RxM3', 'UNT20240505H2S5bTy', 'paid', 10000.00, '2024-01-26 12:13:21'),
('SES20240126SUMLw1W', 'FBZdwEa9Gx1', 'APP20240504ZA2RxM3', 'UNT20240505H2S5bTy', 'paid', 10000.00, '2024-01-26 15:43:33'),
('SES20240130P2rpTD8', '', 'APP20240506hExZ3OM', 'UNT20240506E7z0prW', 'paid', 10000.00, '2024-01-30 14:12:08'),
('SES20240130qdZNoAl', '', 'APP20240504ZA2RxM3', 'UNT202405058pwxqYA', 'paid', 10000.00, '2024-01-30 22:40:47'),
('SES20240130sIXdhNi', '', 'APP20240506hExZ3OM', 'UNT20240506E7z0prW', 'paid', 10000.00, '2024-01-30 21:59:14'),
('SES20240211dTeiJc6', '', 'APP20240504ZA2RxM3', 'UNT20240505H2S5bTy', 'paid', 10000.00, '2024-02-11 12:29:20'),
('SES202402179shBxez', '', 'APP20240504TnEX3sj', 'UNT20240507lZEpVne', 'paid', 10000.00, '2024-02-17 09:34:02'),
('SES20240217fA57Jt3', '0VK7FPymEhq', 'APP20240504TnEX3sj', 'UNT20240507lZEpVne', 'paid', 10000.00, '2024-02-17 09:36:32'),
('SES20240217m39OSBA', '0VK7FPymEhq', 'APP20240504TnEX3sj', 'UNT20240507lZEpVne', 'paid', 10000.00, '2024-02-17 04:40:42'),
('SES20240217qmy4gAN', '0VK7FPymEhq', 'APP20240504ZA2RxM3', 'UNT202405058pwxqYA', 'paid', 10000.00, '2024-02-17 02:54:28'),
('SES20240218hE0C1QG', 'FBZdwEa9Gx1', 'APP20240504ZA2RxM3', 'UNT20240505H2S5bTy', 'paid', 10000.00, '2024-02-18 08:08:14'),
('SES20240219FaIbjkQ', '', 'APP20240504TnEX3sj', 'UNT20240507lZEpVne', 'paid', 10000.00, '2024-02-19 10:11:40'),
('SES20240224bMnzEF7', 'FBZdwEa9Gx1', 'APP20240504ZA2RxM3', 'UNT20240505H2S5bTy', 'paid', 10000.00, '2024-02-24 09:59:34'),
('SES20240224JjmGv0d', '', 'APP20240504TnEX3sj', 'UNT20240507lZEpVne', 'paid', 10000.00, '2024-02-24 09:32:46'),
('SES20240224mrpUvPz', 'FBZdwEa9Gx1', 'APP20240504ZA2RxM3', 'UNT20240505H2S5bTy', 'paid', 10000.00, '2024-02-24 09:59:33'),
('SES20240308dl2bJ0Q', 'USR20240308DrmP83M', 'APP20240504ZA2RxM3', 'UNT20240505H2S5bTy', 'paid', 10000.00, '2024-03-08 14:11:16'),
('SES20240308EOe41lc', 'USR20240308DrmP83M', 'APP20240504ZA2RxM3', 'UNT20240505H2S5bTy', 'paid', 10000.00, '2024-03-08 12:55:24'),
('SES20240308hXerBvG', '', 'APP20240504ZA2RxM3', 'UNT20240505H2S5bTy', 'paid', 10000.00, '2024-03-08 13:58:44'),
('SES20240308ZvDEdkK', 'USR20240308DrmP83M', 'APP20240504ZA2RxM3', 'UNT20240505H2S5bTy', 'paid', 10000.00, '2024-03-08 14:01:17'),
('SES20240312eZACbig', '', 'APP20240504TnEX3sj', 'UNT20240507lZEpVne', 'paid', 10000.00, '2024-03-12 13:28:21'),
('SES20240312l8BI40E', '0VK7FPymEhq', 'APP20240504TnEX3sj', 'UNT20240507lZEpVne', 'paid', 10000.00, '2024-03-12 12:32:42'),
('SES20240312qZ59x2p', 'USR20240312cCOZx9i', 'APP20240504TnEX3sj', 'UNT20240507lZEpVne', 'paid', 10000.00, '2024-03-12 13:32:33'),
('SES20240313dMplgLh', 'FBZdwEa9Gx1', 'APP20240504ZA2RxM3', 'UNT20240505H2S5bTy', 'paid', 10000.00, '2024-03-13 08:09:27'),
('SES20240313wgz5tAQ', 'FBZdwEa9Gx1', 'APP20240504ZA2RxM3', 'UNT20240505H2S5bTy', 'paid', 10000.00, '2024-03-13 12:03:02'),
('SES20240318Pt01Wfl', 'USR20240318JTHl7pP', 'APP20240504ZA2RxM3', 'UNT20240505H2S5bTy', 'paid', 10000.00, '2024-03-18 12:25:01'),
('SES202404229ObQnos', 'USR20240312cCOZx9i', 'APP20240504ZA2RxM3', 'UNT20240505H2S5bTy', 'paid', 10000.00, '2024-04-22 10:14:37'),
('SES20240423j3qeMCg', '', 'APP20240504ZA2RxM3', 'UNT20240505H2S5bTy', 'paid', 10000.00, '2024-04-23 13:55:15'),
('SES20240427wDjfFeg', 'OsA5miKC0F9', 'APP20240504ZA2RxM3', 'UNT202405058pwxqYA', 'paid', 10000.00, '2024-04-27 16:39:37'),
('SES20240501oNgmpXH', 'OsA5miKC0F9', 'APP20240504ZA2RxM3', 'UNT20240505H2S5bTy', 'paid', 10000.00, '2024-05-01 12:36:49'),
('sHmqtzxhnQp', '0VK7FPymEhq', 'APP20240503h7o1wxG', 'UNT20240507K4Lfs8n', 'paid', 10000.00, '2023-02-06 02:41:54'),
('SMAlFODQCGd', 'tTwWseR4VdA', 'APP20240506hExZ3OM', 'UNT20240506E7z0prW', 'paid', 10000.00, '2023-02-08 10:33:31'),
('SXjrMg13IJQ', 'cqbtO30oygT', 'APP20240504ZA2RxM3', 'UNT202405058pwxqYA', 'paid', 10000.00, '2023-01-26 03:13:00'),
('sxQXLpieYBl', 'cqbtO30oygT', 'APP202405068PM1kDu', 'UNT20240506ZNyOuni', 'paid', 10000.00, '2023-04-08 17:44:22'),
('ty4bidnuaG3', 'FBZdwEa9Gx1', 'APP20240503h7o1wxG', 'UNT20240507K4Lfs8n', 'paid', 10000.00, '2023-02-27 12:15:00'),
('vBnpFQw0aEq', '0VK7FPymEhq', 'APP20240504TnEX3sj', 'UNT20240507lZEpVne', 'paid', 10000.00, '2023-05-05 22:50:39'),
('vmYiad6NsIR', 'OsA5miKC0F9', 'APP20240504ZA2RxM3', 'UNT202405058pwxqYA', 'paid', 10000.00, '2022-12-23 11:31:29'),
('whQfa3MLdAg', 'haoG90S1fpe', 'VqozWcjRlOZ', 'UNT20240507lZEpVne', 'paid', 10000.00, '2023-02-10 05:16:09'),
('YDu0l7OrtMs', 'cqbtO30oygT', 'APP202405068PM1kDu', 'UNT20240506ZNyOuni', 'paid', 10000.00, '2023-04-08 17:24:58'),
('YtWvzkX3Px5', '0CGnJZv9zBA', 'APP20240504ZA2RxM3', 'UNT20240505H2S5bTy', 'paid', 10000.00, '2023-03-15 12:25:11'),
('YujP9UiIAZs', 'cqbtO30oygT', 'APP202405068PM1kDu', 'UNT20240506ZNyOuni', 'paid', 10000.00, '2023-04-10 14:34:13'),
('zHGo0VuLMg7', '0VK7FPymEhq', 'APP20240504TnEX3sj', 'UNT20240507lZEpVne', 'paid', 10000.00, '2023-05-03 14:22:43'),
('zkT4xyNmDIK', 'q9cS2voZRNs', 'APP202405068PM1kDu', 'UNT202405064kD62PW', 'paid', 10000.00, '2022-12-24 02:14:58'),
('ZyvAngGcu1S', 'OsA5miKC0F9', 'APP20240504ZA2RxM3', 'UNT202405058pwxqYA', 'paid', 10000.00, '2023-01-25 05:05:53'),
('ZyYQMj7GT63', 'FBZdwEa9Gx1', 'APP20240503h7o1wxG', 'UNT20240507K4Lfs8n', 'paid', 10000.00, '2023-02-27 12:18:12');

-- --------------------------------------------------------

--
-- Table structure for table `property`
--

CREATE TABLE `property` (
  `property_id` varchar(30) NOT NULL,
  `property_name` text NOT NULL,
  `property_type` varchar(255) CHARACTER SET latin1 COLLATE latin1_swedish_ci NOT NULL,
  `property_units` int DEFAULT NULL,
  `property_location` text,
  `property_price` int NOT NULL,
  `one_bedroom` float(10,2) DEFAULT NULL,
  `two_bedroom` float(10,2) DEFAULT NULL,
  `bedsitter` float(10,2) DEFAULT NULL,
  `ground_floor` float(10,2) DEFAULT NULL,
  `due` date DEFAULT NULL,
  `property_price_details` text,
  `property_description` text NOT NULL,
  `property_image` text NOT NULL,
  `property_image2` varchar(255) DEFAULT NULL,
  `property_city` varchar(100) NOT NULL,
  `regulation_id` text CHARACTER SET latin1 COLLATE latin1_swedish_ci,
  `property_map` text,
  `property_stay` varchar(255) DEFAULT NULL,
  `property_vacant` int DEFAULT NULL,
  `property_rooms` int DEFAULT NULL,
  `property_water` float(10,2) DEFAULT NULL,
  `property_garbage` float(10,2) DEFAULT NULL,
  `property_bathrooms` text,
  `property_bedrooms` varchar(255) DEFAULT NULL,
  `property_policy` text,
  `property_date_created` datetime NOT NULL DEFAULT CURRENT_TIMESTAMP,
  `property_admin` varchar(255) DEFAULT NULL,
  `added_by` varchar(255) NOT NULL DEFAULT 'admin',
  `has_unit` enum('yes','no') NOT NULL DEFAULT 'yes',
  `property_status` enum('active','inactive') NOT NULL DEFAULT 'active'
) ENGINE=InnoDB DEFAULT CHARSET=latin1;

--
-- Dumping data for table `property`
--

INSERT INTO `property` (`property_id`, `property_name`, `property_type`, `property_units`, `property_location`, `property_price`, `one_bedroom`, `two_bedroom`, `bedsitter`, `ground_floor`, `due`, `property_price_details`, `property_description`, `property_image`, `property_image2`, `property_city`, `regulation_id`, `property_map`, `property_stay`, `property_vacant`, `property_rooms`, `property_water`, `property_garbage`, `property_bathrooms`, `property_bedrooms`, `property_policy`, `property_date_created`, `property_admin`, `added_by`, `has_unit`, `property_status`) VALUES
('APP20240503h7o1wxG', 'Nairobi Villas', 'house', 2, 'Nairobi', 14000, NULL, NULL, NULL, NULL, '2024-06-05', '1 Month Deposit and 1 Month Rent', 'Test', 'TherapyImage20240513at122440pm8grjdt1f.jpeg', 'HealthImage20240503at085927pmw8mlt71h.jpeg', 'Nairobi', 'REG4,REG1,REG2', '', 'Short Term', NULL, NULL, 100.00, 100.00, '1', 'Bedsitter,One_Bedroom,Two_Bedrooms', 'Test', '2024-05-03 20:59:27', NULL, 'LAN20230228JNo0abc', 'yes', 'active'),
('APP20240504TnEX3sj', 'Briden Apartments', 'apartment', 27, 'Nairobi', 25000, 25000.00, 35000.00, 17000.00, 15000.00, '2024-06-05', '1 Month Deposit and 1 Month Rent', 'Briden Apartments', 'TherapyImage20240504at110003am35z9chau.jpeg', 'TherapyImage20240504at110003amto2mvuyz.jpeg', 'Nairobi', 'REG4', '', 'Long Term', 1, NULL, 150.00, 350.00, '1', 'Bedsitter,One_Bedroom,Two_Bedrooms,Three_Bedrooms', 'Test', '2024-05-13 11:00:03', NULL, 'hZCklWu', 'yes', 'active'),
('APP20240504ZA2RxM3', 'Baobab', 'house', 10, 'Nairobi', 100000, 100.00, 100.00, 100.00, 100.00, '2024-05-17', '1 Month Deposit and 1 Month Rent', 'Nairobi', 'MentalImage20240504at022233pm8sga39bu.jpeg', 'PsychImage20240504at022233pm8g5ak7wj.jpeg', 'Nairobi', 'REG4,REG1,REG2', '', 'Long Term', 1, NULL, 100.00, 100.00, '3', 'Bedsitter,One_Bedroom,Two_Bedrooms,Three_Bedrooms', '', '2024-05-04 14:22:33', NULL, 'LAN20230228JNo0abc', 'yes', 'active'),
('APP202405068PM1kDu', 'Anna Apartments', 'maisonette', NULL, 'Nairobi', 20000, NULL, NULL, NULL, NULL, '2024-05-09', NULL, 'Nairobi', 'HealthImage20240506at042406pm92p6moev.jpeg', 'PsychImage20240506at042406pml8fuz15n.jpeg', 'Nairobi', 'REG4', NULL, 'Short Term', NULL, NULL, NULL, 200.00, '2', 'One_Bedroom', NULL, '2024-05-06 16:24:06', NULL, 'LAN20230228JNo0abc', 'no', 'active'),
('APP20240506hExZ3OM', 'New Amsterdam', 'maisonette', 10, 'Nairobi', 0, 30000.00, 60000.00, 45000.00, NULL, '2024-05-11', NULL, 'Lorem', 'HealthImage20240506at064753pm5zs2t74q.jpeg', NULL, 'Nairobi', 'REG1,REG3', NULL, 'Long Term', 6, NULL, 300.00, 300.00, '2', 'Bedsitter', NULL, '2024-05-06 18:47:53', NULL, 'Rxgq2Fl', 'yes', 'active');

-- --------------------------------------------------------

--
-- Table structure for table `property_image`
--

CREATE TABLE `property_image` (
  `property_image_id` varchar(255) NOT NULL,
  `property_id` varchar(255) NOT NULL,
  `property_image_1` varchar(255) CHARACTER SET latin1 COLLATE latin1_swedish_ci DEFAULT NULL,
  `property_image_2` varchar(255) CHARACTER SET latin1 COLLATE latin1_swedish_ci DEFAULT NULL,
  `property_image_3` varchar(255) CHARACTER SET latin1 COLLATE latin1_swedish_ci DEFAULT NULL,
  `property_image_4` varchar(255) CHARACTER SET latin1 COLLATE latin1_swedish_ci DEFAULT NULL,
  `property_image_5` varchar(255) CHARACTER SET latin1 COLLATE latin1_swedish_ci DEFAULT NULL,
  `property_image_6` varchar(255) CHARACTER SET latin1 COLLATE latin1_swedish_ci DEFAULT NULL,
  `property_image_7` varchar(255) CHARACTER SET latin1 COLLATE latin1_swedish_ci DEFAULT NULL,
  `property_image_8` varchar(255) CHARACTER SET latin1 COLLATE latin1_swedish_ci DEFAULT NULL,
  `property_image_9` varchar(255) CHARACTER SET latin1 COLLATE latin1_swedish_ci DEFAULT NULL,
  `property_image_10` varchar(255) CHARACTER SET latin1 COLLATE latin1_swedish_ci DEFAULT NULL,
  `property_image_date_created` datetime NOT NULL DEFAULT CURRENT_TIMESTAMP
) ENGINE=InnoDB DEFAULT CHARSET=latin1;

-- --------------------------------------------------------

--
-- Table structure for table `property_unit`
--

CREATE TABLE `property_unit` (
  `property_unit_id` varchar(255) NOT NULL,
  `property_id` varchar(255) NOT NULL,
  `property_unit_name` varchar(255) NOT NULL,
  `property_unit_description` text,
  `property_unit_price` float(10,2) NOT NULL,
  `property_unit_type` varchar(255) NOT NULL,
  `property_unit_date_created` datetime NOT NULL DEFAULT CURRENT_TIMESTAMP
) ENGINE=InnoDB DEFAULT CHARSET=utf8mb4 COLLATE=utf8mb4_0900_ai_ci;

--
-- Dumping data for table `property_unit`
--

INSERT INTO `property_unit` (`property_unit_id`, `property_id`, `property_unit_name`, `property_unit_description`, `property_unit_price`, `property_unit_type`, `property_unit_date_created`) VALUES
('UNT202405058pwxqYA', 'APP20240504ZA2RxM3', 'Unit 2', NULL, 300.00, 'One_Bedroom', '2024-05-05 14:03:59'),
('UNT20240505H2S5bTy', 'APP20240504ZA2RxM3', 'Unit 1', NULL, 200.00, 'Bedsitter', '2024-05-05 14:03:59'),
('UNT202405064kD62PW', 'APP202405068PM1kDu', 'Anna Unit 1', NULL, 300.00, 'One_Bedroom', '2024-05-06 16:39:13'),
('UNT20240506E7z0prW', 'APP20240506hExZ3OM', 'Office Space', NULL, 50000.00, 'One_Bedroom', '2024-05-06 18:50:56'),
('UNT20240506GQX2PuI', 'APP20240506hExZ3OM', 'Three Bedroom', NULL, 60000.00, 'Three_Bedrooms', '2024-05-06 18:50:56'),
('UNT20240506ZNyOuni', 'APP202405068PM1kDu', 'Anna Unit 2', NULL, 500.00, 'Two_Bedrooms', '2024-05-06 16:39:13'),
('UNT20240507K4Lfs8n', 'APP20240503h7o1wxG', '2B', NULL, 50000.00, 'Two_Bedrooms', '2024-05-07 10:09:49'),
('UNT20240507lZEpVne', 'APP20240504TnEX3sj', 'One Bedroom', NULL, 25000.00, 'One_Bedroom', '2024-05-07 10:05:24'),
('UNT20240507oLJbFCM', 'APP20240504TnEX3sj', 'Two Bedroom', NULL, 35000.00, 'Two_Bedrooms', '2024-05-07 10:05:24'),
('UNT20240507QiydL0q', 'APP20240503h7o1wxG', '1B', NULL, 40000.00, 'One_Bedroom', '2024-05-07 10:09:49'),
('UNT20240507tVZk4iz', 'APP20240504TnEX3sj', 'Bedsitter', NULL, 17000.00, 'Bedsitter', '2024-05-07 10:05:24');

-- --------------------------------------------------------

--
-- Table structure for table `regulation`
--

CREATE TABLE `regulation` (
  `regulation_id` varchar(111) CHARACTER SET latin1 COLLATE latin1_swedish_ci NOT NULL,
  `regulation_name` varchar(255) CHARACTER SET latin1 COLLATE latin1_swedish_ci NOT NULL,
  `regulation_date_created` datetime NOT NULL DEFAULT CURRENT_TIMESTAMP
) ENGINE=InnoDB DEFAULT CHARSET=latin1;

--
-- Dumping data for table `regulation`
--

INSERT INTO `regulation` (`regulation_id`, `regulation_name`, `regulation_date_created`) VALUES
('REG1', 'Check in after midnight', '2023-01-12 17:09:24'),
('REG2', 'Check in after 11pm', '2023-01-12 17:09:09'),
('REG3', 'No Pets', '2023-01-12 17:06:01'),
('REG4', 'No Smoking', '2023-01-12 17:09:34'),
('REG5', 'No Parties', '2023-01-12 17:05:38');

-- --------------------------------------------------------

--
-- Table structure for table `request`
--

CREATE TABLE `request` (
  `request_id` varchar(255) CHARACTER SET utf8mb4 COLLATE utf8mb4_0900_ai_ci NOT NULL,
  `user_id` varchar(255) NOT NULL,
  `property_id` varchar(255) NOT NULL,
  `property_unit_id` varchar(255) CHARACTER SET utf8mb4 COLLATE utf8mb4_0900_ai_ci DEFAULT NULL,
  `amount_figures` int NOT NULL,
  `preferred_date` int DEFAULT NULL,
  `starting_from` date DEFAULT NULL,
  `end_date` date DEFAULT NULL,
  `request_check_in` date NOT NULL,
  `request_check_out` date DEFAULT NULL,
  `request_date_created` datetime NOT NULL DEFAULT CURRENT_TIMESTAMP
) ENGINE=InnoDB DEFAULT CHARSET=utf8mb4 COLLATE=utf8mb4_0900_ai_ci;

--
-- Dumping data for table `request`
--

INSERT INTO `request` (`request_id`, `user_id`, `property_id`, `property_unit_id`, `amount_figures`, `preferred_date`, `starting_from`, `end_date`, `request_check_in`, `request_check_out`, `request_date_created`) VALUES
('0d1TrCy', 't3JCHT8PK5F', 'APP20240504TnEX3sj', 'UNT20240507tVZk4iz', 0, 5, '2024-07-31', NULL, '2024-07-05', NULL, '2024-06-24 17:48:02'),
('0fFoZn5', 'FBZdwEa9Gx1', 'APP20240503h7o1wxG', 'UNT20240507K4Lfs8n', 0, 6, '2024-09-06', '2024-10-12', '2024-09-09', NULL, '2024-09-09 09:19:14'),
('0JVSWvy', 'FBZdwEa9Gx1', 'APP20240503h7o1wxG', 'UNT20240507K4Lfs8n', 50000, 9, '2024-09-09', '2024-09-26', '2024-09-09', NULL, '2024-09-09 09:50:09'),
('4NEPxcC', 'FBZdwEa9Gx1', 'APP20240503h7o1wxG', 'UNT20240507K4Lfs8n', 50000, 9, '2024-09-09', '2024-09-26', '2024-09-09', NULL, '2024-09-09 10:14:39'),
('6f4uA0H', 't3JCHT8PK5F', 'APP20240504TnEX3sj', 'UNT20240507lZEpVne', 0, 5, '2024-07-05', NULL, '2024-07-05', NULL, '2024-07-01 20:01:02'),
('9B1PRAg', 'FBZdwEa9Gx1', 'APP20240504TnEX3sj', 'UNT20240507oLJbFCM', 0, 1, '2024-07-30', NULL, '2024-09-07', NULL, '2024-08-26 12:01:12'),
('ad3LKMS', 't3JCHT8PK5F', 'APP20240504ZA2RxM3', 'UNT202405058pwxqYA', 0, 23, '2024-07-29', NULL, '2024-07-29', NULL, '2024-07-29 14:20:20'),
('ahw9ykK', 'FBZdwEa9Gx1', 'APP20240503h7o1wxG', 'UNT20240507QiydL0q', 40000, 9, '2024-09-09', '2024-09-26', '2024-09-09', NULL, '2024-09-09 10:25:11'),
('FkHzA3i', 'FBZdwEa9Gx1', 'APP20240503h7o1wxG', 'UNT20240507K4Lfs8n', 50000, 2, '2024-09-02', '2024-09-25', '2024-09-10', NULL, '2024-09-10 10:09:47'),
('HCjsXNf', 'FBZdwEa9Gx1', 'APP20240503h7o1wxG', 'UNT20240507QiydL0q', 40000, 9, '2024-09-09', '2024-09-26', '2024-09-09', NULL, '2024-09-09 09:52:58'),
('IjmzfEk', 'FBZdwEa9Gx1', 'APP20240503h7o1wxG', 'UNT20240507QiydL0q', 0, 6, '2024-09-06', '2024-10-12', '2024-09-09', NULL, '2024-09-09 09:11:23'),
('MzSsEDB', 'FBZdwEa9Gx1', 'APP20240504TnEX3sj', 'UNT20240507lZEpVne', 25000, 2, '2024-09-02', '2024-10-03', '2024-09-06', NULL, '2024-09-10 13:40:48'),
('Nf1q8oF', 'FBZdwEa9Gx1', 'APP20240504TnEX3sj', 'UNT20240507lZEpVne', 0, 1, '2024-08-09', NULL, '2024-08-09', NULL, '2024-08-06 12:09:38'),
('PcILyg4', 'FBZdwEa9Gx1', 'APP20240503h7o1wxG', 'UNT20240507K4Lfs8n', 50000, 2, '2024-09-02', '2024-09-25', '2024-09-10', NULL, '2024-09-10 10:10:47'),
('RhrmU36', '8lNcmigCHfn', 'APP20240504TnEX3sj', 'UNT20240507tVZk4iz', 17000, 11, '2024-09-11', '2025-09-30', '2024-09-12', NULL, '2024-09-10 13:36:06'),
('swb9pmT', '8lNcmigCHfn', 'APP20240504TnEX3sj', 'UNT20240507lZEpVne', 25000, 10, '2024-09-10', '2025-12-31', '2024-09-10', NULL, '2024-09-10 11:09:25'),
('wA4fFkK', 'FBZdwEa9Gx1', 'APP20240503h7o1wxG', 'UNT20240507K4Lfs8n', 50000, 2, '2024-09-02', '2024-09-25', '2024-09-10', NULL, '2024-09-10 10:01:30'),
('XtycPen', 'FBZdwEa9Gx1', 'APP20240503h7o1wxG', 'UNT20240507K4Lfs8n', 0, 6, '2024-09-06', '2024-10-12', '2024-09-09', NULL, '2024-09-09 09:18:13'),
('ys7Zn8J', 'O4SzKMjwBGt', 'APP20240504TnEX3sj', 'UNT20240507lZEpVne', 25000, 11, '2024-09-11', '2025-02-28', '2024-09-10', NULL, '2024-09-10 09:59:53'),
('ziZajGW', 'FBZdwEa9Gx1', 'APP20240503h7o1wxG', 'UNT20240507K4Lfs8n', 0, 6, '2024-09-06', '2024-10-12', '2024-09-09', NULL, '2024-09-09 09:07:03'),
('zygKiGe', 'FBZdwEa9Gx1', 'APP20240506hExZ3OM', 'UNT20240506E7z0prW', 0, 1, '2024-08-27', NULL, '2024-08-28', NULL, '2024-08-26 12:15:57');

-- --------------------------------------------------------

--
-- Table structure for table `standing_order`
--

CREATE TABLE `standing_order` (
  `id` int NOT NULL,
  `order_id` varchar(255) NOT NULL,
  `reference` varchar(255) NOT NULL,
  `user_id` int DEFAULT NULL,
  `amount` decimal(10,2) DEFAULT NULL,
  `status` varchar(50) NOT NULL,
  `transaction_id` varchar(255) DEFAULT NULL,
  `msisdn` varchar(20) DEFAULT NULL,
  `response_code` varchar(10) DEFAULT NULL,
  `response_description` text,
  `standing_order_date_created` datetime DEFAULT CURRENT_TIMESTAMP,
  `standing_order_date_updated` datetime DEFAULT CURRENT_TIMESTAMP ON UPDATE CURRENT_TIMESTAMP
) ENGINE=InnoDB DEFAULT CHARSET=utf8mb4 COLLATE=utf8mb4_0900_ai_ci;

--
-- Dumping data for table `standing_order`
--

INSERT INTO `standing_order` (`id`, `order_id`, `reference`, `user_id`, `amount`, `status`, `transaction_id`, `msisdn`, `response_code`, `response_description`, `standing_order_date_created`, `standing_order_date_updated`) VALUES
(1, '56d6ee88-c5f5-4b87-b48a-6907511b65ba', '56d6ee88-c5f5-4b87-b48a-6907511b65ba', NULL, NULL, 'OKAY', 'SI9IYMCOC4', '254794802072', '0', 'The service request is processed successfully.', '2024-09-09 10:25:22', '2024-09-09 10:25:22'),
(2, 'c751403a-d7cb-4684-a1d7-b0dde5ba6495', 'c751403a-d7cb-4684-a1d7-b0dde5ba6495', NULL, NULL, 'ERROR', '0000000000', '254794802072', '1037', 'Internal Server Exception', '2024-09-10 10:01:51', '2024-09-10 10:01:51'),
(3, '6315d0a3-b178-4fd1-bc88-c22270d1f51f', '6315d0a3-b178-4fd1-bc88-c22270d1f51f', NULL, NULL, 'ERROR', '0000000000', '254794802072', '1037', 'Internal Server Exception', '2024-09-10 10:09:53', '2024-09-10 10:09:53'),
(4, '633e33e5-6d27-4396-adfa-3d179b753956', '633e33e5-6d27-4396-adfa-3d179b753956', NULL, NULL, 'ERROR', '0000000000', '254794802072', '1037', 'Internal Server Exception', '2024-09-10 10:11:12', '2024-09-10 10:11:12'),
(5, '386123fa-5c4a-414e-8fcc-7397fb83b6db', '386123fa-5c4a-414e-8fcc-7397fb83b6db', NULL, NULL, 'ERROR', 'SIA0000000', '254794802072', '1005', 'The element null is invalid.', '2024-09-10 13:40:57', '2024-09-10 13:40:57');

-- --------------------------------------------------------

--
-- Table structure for table `user`
--

CREATE TABLE `user` (
  `user_id` varchar(30) NOT NULL,
  `user_name` varchar(255) NOT NULL,
  `user_email` varchar(255) NOT NULL,
  `user_phone` varchar(255) DEFAULT NULL,
  `user_password` varchar(255) DEFAULT NULL,
  `user_image` varchar(255) CHARACTER SET latin1 COLLATE latin1_swedish_ci DEFAULT 'user.png',
  `user_passport` varchar(255) DEFAULT NULL,
  `user_dob` date DEFAULT NULL,
  `kin_name` varchar(255) DEFAULT NULL,
  `kin_phone` varchar(255) DEFAULT NULL,
  `added_by` varchar(255) DEFAULT NULL,
  `user_kra` varchar(255) DEFAULT NULL,
  `preferred_date` int DEFAULT NULL,
  `property_id` text,
  `user_date_created` datetime NOT NULL DEFAULT CURRENT_TIMESTAMP
) ENGINE=InnoDB DEFAULT CHARSET=latin1;

--
-- Dumping data for table `user`
--

INSERT INTO `user` (`user_id`, `user_name`, `user_email`, `user_phone`, `user_password`, `user_image`, `user_passport`, `user_dob`, `kin_name`, `kin_phone`, `added_by`, `user_kra`, `preferred_date`, `property_id`, `user_date_created`) VALUES
('0CGnJZv9zBA', 'Hakeem Rabuka Kiboi', 'kiboihakeem@gmail.com', NULL, '$2y$11$NHJnqtVe6MVcEPv90Cahku0cuor/eJA6BdaUnT4.QUPo6SynpcCFy', NULL, NULL, NULL, NULL, NULL, 'admin', NULL, NULL, 'APP20240503h7o1wxG', '2023-03-15 12:24:06'),
('0jog3yIUCGA', 'Michael Se-lunani', 'michael1998march2@gmail.com', NULL, '$2y$11$NHJnqtVe6MVcEPv90Cahku0cuor/eJA6BdaUnT4.QUPo6SynpcCFy', NULL, NULL, NULL, NULL, NULL, 'admin', NULL, NULL, 'APP20240503h7o1wxG', '2023-04-18 09:16:34'),
('0VK7FPymEhq', 'Freda Mutune', 'mawiafreda@gmail.com', '0714392052', '$2y$11$NHJnqtVe6MVcEPv90Cahku0cuor/eJA6BdaUnT4.QUPo6SynpcCFy', 'imgh0b323101410401420230402amwdlu.png', '32059698', NULL, NULL, NULL, 'admin', NULL, NULL, 'APP20240503h7o1wxG', '2023-01-31 04:25:44'),
('2g3sTCvQtmb', 'Fredrick', 'fredchege199@gmail.com', '0704692424', '$2y$11$NHJnqtVe6MVcEPv90Cahku0cuor/eJA6BdaUnT4.QUPo6SynpcCFy', NULL, '33563513', NULL, NULL, NULL, 'self', NULL, NULL, 'APP20240504ZA2RxM3', '2023-01-13 21:23:30'),
('3YcCd0PFJSO', 'psychx Global', 'psychxglobal@gmail.com', '+254714392052', '$2y$11$NHJnqtVe6MVcEPv90Cahku0cuor/eJA6BdaUnT4.QUPo6SynpcCFy', 'imgqty522022014092020224912pmlnkr.png', '', NULL, NULL, NULL, 'self', NULL, NULL, 'APP20240504ZA2RxM3', '2022-12-20 04:01:33'),
('6ZO1cSDIKJj', 'Sarah', 'sarahitenya24@gmail.com', '0708320066', '$2y$11$NHJnqtVe6MVcEPv90Cahku0cuor/eJA6BdaUnT4.QUPo6SynpcCFy', NULL, '31798143', NULL, NULL, NULL, 'admin', NULL, NULL, 'APP20240504ZA2RxM3', '2023-05-05 22:44:35'),
('7LU6RO1pJ9h', 'James rano', 'mmmuathime@gmail.com', '0733935448', '$2y$11$NHJnqtVe6MVcEPv90Cahku0cuor/eJA6BdaUnT4.QUPo6SynpcCFy', NULL, '10001034', NULL, NULL, NULL, 'self', NULL, NULL, 'APP20240504ZA2RxM3', '2023-01-26 04:00:32'),
('83TrzFSmJaA', 'Safe Space Arena', 'safespacearena@gmail.com', '0780059269', '$2y$11$NHJnqtVe6MVcEPv90Cahku0cuor/eJA6BdaUnT4.QUPo6SynpcCFy', NULL, '28249859', NULL, NULL, NULL, 'self', NULL, NULL, 'APP20240504ZA2RxM3', '2023-01-08 07:22:43'),
('8lNcmigCHfn', 'John Ndungu', 'jndungu@jambopay.com', '254702670301', '$2y$11$0mXqFzg/e0X30viTvihZ4uZDWgKa1.LdUOKdCZHjlBZULijC3YWhe', 'PsychImage20240910at020727pmjkmgo2pd.png', '34132269', '1997-11-27', 'Peter Chege', '254713564851', 'self', 'A0345699122', NULL, 'APP20240504ZA2RxM3', '2022-12-07 09:20:06'),
('a9O42nbtP8E', 'Letty', 'mtangeletty@gmail.com', NULL, '$2y$11$NHJnqtVe6MVcEPv90Cahku0cuor/eJA6BdaUnT4.QUPo6SynpcCFy', NULL, NULL, NULL, NULL, NULL, 'self', NULL, NULL, 'APP20240504ZA2RxM3', '2023-01-12 03:39:53'),
('aLdFUHYmISu', 'Mike', 'nicksonkipkorir75@gmail.com', NULL, '$2y$11$NHJnqtVe6MVcEPv90Cahku0cuor/eJA6BdaUnT4.QUPo6SynpcCFy', NULL, NULL, NULL, NULL, NULL, 'self', NULL, NULL, 'APP20240503h7o1wxG', '2023-01-17 10:08:49'),
('aSzGs7EvBxN', 'Christine', 'christine11111@gmail.com', NULL, '$2y$11$NHJnqtVe6MVcEPv90Cahku0cuor/eJA6BdaUnT4.QUPo6SynpcCFy', NULL, NULL, NULL, NULL, NULL, 'self', NULL, NULL, 'APP20240504ZA2RxM3', '2022-12-23 12:34:00'),
('bUioI457xvN', 'Victoria Mwema', 'vicmwema@gmail.com', '0703296082', '$2y$11$NHJnqtVe6MVcEPv90Cahku0cuor/eJA6BdaUnT4.QUPo6SynpcCFy', NULL, '29561128', NULL, NULL, NULL, 'self', NULL, NULL, 'APP20240504ZA2RxM3', '2023-01-10 02:00:11'),
('cCvXYD5rFEI', 'Shameem mohammed', 'mohammedshamsa59@gmail.com', NULL, '$2y$11$NHJnqtVe6MVcEPv90Cahku0cuor/eJA6BdaUnT4.QUPo6SynpcCFy', NULL, NULL, NULL, NULL, NULL, 'admin', NULL, NULL, 'APP20240504ZA2RxM3', '2023-03-04 23:17:15'),
('cDrLqA4pCdZ', 'Higgins Ongaya', 'okiyahyggyn@gmail.com', '703559915', '$2y$11$NHJnqtVe6MVcEPv90Cahku0cuor/eJA6BdaUnT4.QUPo6SynpcCFy', NULL, '32288102', NULL, NULL, NULL, 'self', NULL, NULL, 'APP20240504ZA2RxM3', '2022-12-30 02:38:39'),
('cKQukE2aDdS', 'Patriciah Kamau', 'kamautrish12@gmail.com', '705484474', '$2y$11$NHJnqtVe6MVcEPv90Cahku0cuor/eJA6BdaUnT4.QUPo6SynpcCFy', NULL, 'NA', NULL, NULL, NULL, 'admin', NULL, NULL, 'APP20240503h7o1wxG', '2023-05-09 18:44:23'),
('cqbtO30oygT', 'Michael Se Lunani', 'selunani@vesencomputing.com', NULL, '$2y$11$NHJnqtVe6MVcEPv90Cahku0cuor/eJA6BdaUnT4.QUPo6SynpcCFy', NULL, NULL, NULL, NULL, NULL, 'self', NULL, NULL, 'APP20240503h7o1wxG', '2023-01-06 09:08:26'),
('dHovsmRuEGQ', 'John', 'vesendummy@gmail.com', '0702670301', '$2y$11$NHJnqtVe6MVcEPv90Cahku0cuor/eJA6BdaUnT4.QUPo6SynpcCFy', NULL, NULL, NULL, NULL, NULL, 'admin', NULL, NULL, 'APP20240504ZA2RxM3', '2023-02-16 11:14:29'),
('dQqDMig8f7r', 'Marangu', 'marangu@psychx.io', NULL, '$2y$11$NHJnqtVe6MVcEPv90Cahku0cuor/eJA6BdaUnT4.QUPo6SynpcCFy', NULL, NULL, NULL, NULL, NULL, 'admin', NULL, NULL, 'APP20240504ZA2RxM3', '2023-04-25 15:24:36'),
('eMn0YzbGv24', 'Dorcas Makena Nkonge', 'nkonge94@gmail.com', '0115840422', '$2y$11$NHJnqtVe6MVcEPv90Cahku0cuor/eJA6BdaUnT4.QUPo6SynpcCFy', NULL, '30981188', NULL, NULL, NULL, 'admin', NULL, NULL, 'APP20240504ZA2RxM3', '2023-03-14 14:16:45'),
('etdQOLJzsRl', 'Brian Omondi', 'brianomondi163@gmail.com', '0717960080', '$2y$11$NHJnqtVe6MVcEPv90Cahku0cuor/eJA6BdaUnT4.QUPo6SynpcCFy', 'imgsdnw23101110411120234201amo1dc.jpg', '35327888', NULL, NULL, NULL, 'self', NULL, NULL, 'APP20240504ZA2RxM3', '2023-01-11 00:38:27'),
('FBZdwEa9Gx1', 'Fiona Wekulo', 'fionawekulo@gmail.com', '254794802072', '$2y$11$Z3wbsSAbL3EGq/RhavORmOqCuLuBPbxIWN2FJ0Bcn1KB72sOXo/y2', 'user.png', '12345', '2013-01-28', 'Fifi', '254794802072', 'admin', '1234567', NULL, 'APP20240503h7o1wxG', '2024-02-18 07:59:17'),
('FdaVCtQgAK5', 'Fify', 'fredafify@gmail.com', NULL, '$2y$11$NHJnqtVe6MVcEPv90Cahku0cuor/eJA6BdaUnT4.QUPo6SynpcCFy', NULL, NULL, NULL, NULL, NULL, 'admin', NULL, NULL, 'APP20240504ZA2RxM3', '2023-02-20 21:43:35'),
('fJjhKoZwTic', 'Jennifer K', 'info.jenniferk@gmail.com', NULL, '$2y$11$NHJnqtVe6MVcEPv90Cahku0cuor/eJA6BdaUnT4.QUPo6SynpcCFy', NULL, NULL, NULL, NULL, NULL, 'self', NULL, NULL, 'APP20240504ZA2RxM3', '2023-01-08 07:05:28'),
('FpGi0KEPf8Y', 'Faith Arounga', 'faitharuonga@gmail.com', '0701126372', '$2y$11$NHJnqtVe6MVcEPv90Cahku0cuor/eJA6BdaUnT4.QUPo6SynpcCFy', NULL, '33272092', NULL, NULL, NULL, 'admin', NULL, NULL, 'APP20240504ZA2RxM3', '2023-05-05 14:14:42'),
('Fv6ED4Ao7TB', 'Charity', 'mumbi_charity@yahoo.co.uk', '721791969', '$2y$11$NHJnqtVe6MVcEPv90Cahku0cuor/eJA6BdaUnT4.QUPo6SynpcCFy', NULL, '22201623', NULL, NULL, NULL, 'self', NULL, NULL, 'APP20240504ZA2RxM3', '2023-01-09 00:21:52'),
('GedFz6wxth9', 'John', 'info@vesencomputing.com', NULL, '$2y$11$NHJnqtVe6MVcEPv90Cahku0cuor/eJA6BdaUnT4.QUPo6SynpcCFy', NULL, NULL, NULL, NULL, NULL, 'self', NULL, NULL, 'APP20240503h7o1wxG', '2022-12-24 01:13:20'),
('GEemZI0AUsk', 'Alexander Kinyanjui', 'akinyanjui17@gmail.com', '+254731505747', '$2y$11$NHJnqtVe6MVcEPv90Cahku0cuor/eJA6BdaUnT4.QUPo6SynpcCFy', NULL, '29326512', NULL, NULL, NULL, 'self', NULL, NULL, 'APP20240504ZA2RxM3', '2023-01-10 09:13:46'),
('GOrLWu90VKH', 'Philip Matunda', 'philipmatunda@gmail.com', '+254745450770', '$2y$11$NHJnqtVe6MVcEPv90Cahku0cuor/eJA6BdaUnT4.QUPo6SynpcCFy', NULL, '34201425', NULL, NULL, NULL, 'admin', NULL, NULL, 'APP20240504ZA2RxM3', '2023-03-09 11:07:23'),
('gRQ8tPqv7Vz', 'Amina Mzee Omar', 'amnelally@gmail.com', '0758 811 682', '$2y$11$NHJnqtVe6MVcEPv90Cahku0cuor/eJA6BdaUnT4.QUPo6SynpcCFy', NULL, '27393003', NULL, NULL, NULL, 'admin', NULL, NULL, 'APP20240504ZA2RxM3', '2023-02-17 01:45:13'),
('hwkAW2UIzGT', 'Philip Kyalo', 'mathekakyalo1@gmail.com', NULL, '$2y$11$NHJnqtVe6MVcEPv90Cahku0cuor/eJA6BdaUnT4.QUPo6SynpcCFy', NULL, NULL, NULL, NULL, NULL, 'admin', NULL, NULL, 'APP20240504ZA2RxM3', '2023-04-15 06:20:35'),
('I9LrmsKnkiJ', 'mercy', 'mercytheuri.mt@gmail.com', NULL, '$2y$11$NHJnqtVe6MVcEPv90Cahku0cuor/eJA6BdaUnT4.QUPo6SynpcCFy', NULL, NULL, NULL, NULL, NULL, 'admin', NULL, NULL, 'APP20240504ZA2RxM3', '2023-03-13 10:27:35'),
('iAFH139ek8q', 'Peninah Nyakiro', 'n.nyakiro@gmail.com', '0724653596', '$2y$11$NHJnqtVe6MVcEPv90Cahku0cuor/eJA6BdaUnT4.QUPo6SynpcCFy', NULL, '28619678', NULL, NULL, NULL, 'admin', NULL, NULL, 'APP20240504ZA2RxM3', '2023-05-08 19:45:12'),
('MBI9GsWZp6J', 'Gael', 'freda@psychx.io', NULL, '$2y$11$NHJnqtVe6MVcEPv90Cahku0cuor/eJA6BdaUnT4.QUPo6SynpcCFy', NULL, NULL, NULL, NULL, NULL, 'admin', NULL, NULL, 'APP20240504ZA2RxM3', '2023-04-29 09:36:21'),
('mhxdHLoKy6v', 'LEWIS MUTUGI NYAGA', 'mutugilewis166@gmail.com', '0715237367', '$2y$11$NHJnqtVe6MVcEPv90Cahku0cuor/eJA6BdaUnT4.QUPo6SynpcCFy', NULL, '33252577', NULL, NULL, NULL, 'admin', NULL, NULL, 'APP20240504ZA2RxM3', '2023-03-05 11:00:33'),
('Mku81YgzwGs', 'Dun Ogendi', 'Ogendidun@gmail.com', NULL, '$2y$11$NHJnqtVe6MVcEPv90Cahku0cuor/eJA6BdaUnT4.QUPo6SynpcCFy', NULL, NULL, NULL, NULL, NULL, 'self', NULL, NULL, 'APP20240504ZA2RxM3', '2023-01-08 22:41:54'),
('n9SboIxagk0', 'Kabura', 'kaburanginya@gmail.com', '+254751388828', '$2y$11$NHJnqtVe6MVcEPv90Cahku0cuor/eJA6BdaUnT4.QUPo6SynpcCFy', NULL, '39577246', NULL, NULL, NULL, 'self', NULL, NULL, 'APP20240504ZA2RxM3', '2023-01-11 06:31:16'),
('O4SzKMjwBGt', 'John Ndungu', 'ndungu.murimi@gmail.com', NULL, '$2y$11$NHJnqtVe6MVcEPv90Cahku0cuor/eJA6BdaUnT4.QUPo6SynpcCFy', NULL, NULL, NULL, NULL, NULL, 'admin', NULL, NULL, 'APP20240504ZA2RxM3', '2023-03-01 15:35:18'),
('oJtHC1p48sF', 'Viola Onyango', 'viola.onyango@yahoo.com', '702742898', '$2y$11$NHJnqtVe6MVcEPv90Cahku0cuor/eJA6BdaUnT4.QUPo6SynpcCFy', NULL, '31312775', NULL, NULL, NULL, 'admin', NULL, NULL, 'APP20240504ZA2RxM3', '2023-03-07 13:10:47'),
('OsA5miKC0F9', 'Pat Imanarakoze', 'patjunhopat@gmail.com', '0123456', '$2y$11$NHJnqtVe6MVcEPv90Cahku0cuor/eJA6BdaUnT4.QUPo6SynpcCFy', 'AngaImage20230608at125335pmg7fl36sk.jpg', '', NULL, NULL, NULL, 'admin', NULL, NULL, 'APP20240503h7o1wxG', '2023-02-13 06:40:56'),
('OWQlEzTxFKh', 'Doreen', 'Vesen@gmail.com', NULL, '$2y$11$NHJnqtVe6MVcEPv90Cahku0cuor/eJA6BdaUnT4.QUPo6SynpcCFy', NULL, NULL, NULL, NULL, NULL, 'self', NULL, NULL, 'APP20240504ZA2RxM3', '2023-01-16 03:39:52'),
('PBTjQFG2e7O', 'FI', 'fifymawia@gmail.com', NULL, '$2y$11$NHJnqtVe6MVcEPv90Cahku0cuor/eJA6BdaUnT4.QUPo6SynpcCFy', NULL, NULL, NULL, NULL, NULL, 'self', NULL, NULL, 'APP20240504ZA2RxM3', '2023-01-17 10:01:11'),
('phaXncSgrdm', 'Mary Njoki', 'mary.njoki@jasirifellow.org', NULL, '$2y$11$NHJnqtVe6MVcEPv90Cahku0cuor/eJA6BdaUnT4.QUPo6SynpcCFy', NULL, NULL, NULL, NULL, NULL, 'self', NULL, NULL, 'APP20240504ZA2RxM3', '2022-12-23 00:41:37'),
('pwMWRj7eD3B', 'Emmanuel', 'manuelmatiro@gmail.com', '0722496748', '$2y$11$NHJnqtVe6MVcEPv90Cahku0cuor/eJA6BdaUnT4.QUPo6SynpcCFy', NULL, '299999999', NULL, NULL, NULL, 'admin', NULL, NULL, 'APP20240504ZA2RxM3', '2023-04-26 00:01:37'),
('q9cS2voZRNs', 'Juniors', 'rockhealthconsults@gmail.com', '0720401194', '$2y$11$NHJnqtVe6MVcEPv90Cahku0cuor/eJA6BdaUnT4.QUPo6SynpcCFy', NULL, '32153893', NULL, NULL, NULL, 'self', NULL, NULL, 'APP20240503h7o1wxG', '2022-12-20 03:59:15'),
('Qpg0KRBDi5y', 'Aisha', 'ashacadey68@gmail.com', NULL, '$2y$11$NHJnqtVe6MVcEPv90Cahku0cuor/eJA6BdaUnT4.QUPo6SynpcCFy', NULL, NULL, NULL, NULL, NULL, 'admin', NULL, NULL, 'APP20240504ZA2RxM3', '2023-03-05 20:28:46'),
('rF06Rs7qMVc', 'Nelson', 'nelswani@gmail.com', '0719584440', '$2y$11$NHJnqtVe6MVcEPv90Cahku0cuor/eJA6BdaUnT4.QUPo6SynpcCFy', NULL, 'N/A', NULL, NULL, NULL, 'admin', NULL, NULL, 'APP20240504ZA2RxM3', '2023-03-14 09:29:55'),
('rYBxskOQ81d', 'brenton', 'brentonbrysen42@gmail.com', '94044359988', '$2y$11$NHJnqtVe6MVcEPv90Cahku0cuor/eJA6BdaUnT4.QUPo6SynpcCFy', NULL, '9584393', NULL, NULL, NULL, 'admin', NULL, NULL, 'APP20240504ZA2RxM3', '2023-03-01 16:07:13'),
('rYni0fbW1Us', 'Joy Mwariri', 'mwaririjoy@gmail.com', '0719482442', '$2y$11$NHJnqtVe6MVcEPv90Cahku0cuor/eJA6BdaUnT4.QUPo6SynpcCFy', NULL, 'N/A', NULL, NULL, NULL, 'admin', NULL, NULL, 'APP20240504ZA2RxM3', '2023-03-07 15:38:53'),
('s6HugqmKJbN', 'John', 'john.ndungu@vesencomputing.com', '0702670301', '$2y$11$NHJnqtVe6MVcEPv90Cahku0cuor/eJA6BdaUnT4.QUPo6SynpcCFy', NULL, '34132269', NULL, NULL, NULL, 'admin', NULL, NULL, 'APP20240504ZA2RxM3', '2023-02-08 14:55:20'),
('t3JCHT8PK5F', 'Mugambi Manyara', 'pmanyara97@gmail.com', '0745858891', '$2y$11$NHJnqtVe6MVcEPv90Cahku0cuor/eJA6BdaUnT4.QUPo6SynpcCFy', 'af76481c-7d5a-4575-af85-06d7f3deb73e.jpg', '121212', '1999-11-02', 'Daniel Bigirimana', '0756342127', 'admin', 'A011237AS54', NULL, 'APP20240504ZA2RxM3', '2023-05-12 00:02:21'),
('T3NqboDua4S', 'Ian Ap', 'apindiian@gmail.com', '+254717456149', '$2y$11$NHJnqtVe6MVcEPv90Cahku0cuor/eJA6BdaUnT4.QUPo6SynpcCFy', NULL, '31742846', NULL, NULL, NULL, 'admin', NULL, NULL, 'APP20240504ZA2RxM3', '2023-03-10 14:58:36'),
('T6vMOgDQECR', 'Allan Ndirangu', 'ndiranguallan4@gmail.com', NULL, '$2y$11$NHJnqtVe6MVcEPv90Cahku0cuor/eJA6BdaUnT4.QUPo6SynpcCFy', NULL, NULL, NULL, NULL, NULL, 'admin', NULL, NULL, 'APP20240504ZA2RxM3', '2023-05-07 15:08:40'),
('TLGpBvZjmxs', 'Chao Beverlyn', 'bevpaisley7@gmail.com', '0716269067', '$2y$11$NHJnqtVe6MVcEPv90Cahku0cuor/eJA6BdaUnT4.QUPo6SynpcCFy', NULL, '36677531', NULL, NULL, NULL, 'admin', NULL, NULL, 'APP20240504ZA2RxM3', '2023-03-05 13:54:33'),
('tLMHra4nZxA', 'John Jambo', 'admin@jamboshop.com', NULL, '$2y$11$NHJnqtVe6MVcEPv90Cahku0cuor/eJA6BdaUnT4.QUPo6SynpcCFy', NULL, NULL, NULL, NULL, NULL, 'self', NULL, NULL, 'APP20240504ZA2RxM3', '2022-12-19 01:42:16'),
('tTwWseR4VdA', 'Esokoni Kenya', 'esokonik@gmail.com', NULL, '$2y$11$NHJnqtVe6MVcEPv90Cahku0cuor/eJA6BdaUnT4.QUPo6SynpcCFy', NULL, NULL, NULL, NULL, NULL, 'admin', NULL, NULL, 'APP20240504ZA2RxM3', '2023-02-28 01:38:39'),
('twuKgIfxJQM', 'julliet  ngina  nyamari', 'jullietnginah@gmail.com', '0796613940', '$2y$11$NHJnqtVe6MVcEPv90Cahku0cuor/eJA6BdaUnT4.QUPo6SynpcCFy', NULL, '35113170', NULL, NULL, NULL, 'self', NULL, NULL, 'APP20240504ZA2RxM3', '2022-12-30 02:41:09'),
('tx9YXQikVn0', 'Amita', 'Eastafricansugarbaby@gmail.com', NULL, '$2y$11$NHJnqtVe6MVcEPv90Cahku0cuor/eJA6BdaUnT4.QUPo6SynpcCFy', NULL, NULL, NULL, NULL, NULL, 'admin', NULL, NULL, 'APP20240504ZA2RxM3', '2023-02-02 06:43:50'),
('udSX6zV1Dc8', 'Mwilaria', 'evansmwika@gmail.com', NULL, '$2y$11$NHJnqtVe6MVcEPv90Cahku0cuor/eJA6BdaUnT4.QUPo6SynpcCFy', NULL, NULL, NULL, NULL, NULL, 'self', NULL, NULL, 'APP20240504ZA2RxM3', '2023-01-06 08:58:35'),
('USR20230213JILZU0Y', 'michal', 'dummye72@gmail.com', '702710749', '$2y$11$NHJnqtVe6MVcEPv90Cahku0cuor/eJA6BdaUnT4.QUPo6SynpcCFy', NULL, NULL, NULL, NULL, NULL, 'admin', NULL, NULL, 'APP20240504ZA2RxM3', '2023-02-13 11:09:40'),
('USR20230424t6dYZcA', 'Lynette Mwangi', 'lynette.mwangi@vesencomputing.com', '0719838277', '$2y$11$NHJnqtVe6MVcEPv90Cahku0cuor/eJA6BdaUnT4.QUPo6SynpcCFy', NULL, NULL, NULL, NULL, NULL, 'admin', NULL, NULL, 'APP20240504ZA2RxM3', '2023-04-24 16:05:33'),
('USR20230512ougrvlQ', 'Pat', 'santojuliototsan2@gmail.com', '0745858891', '$2y$11$RaNPIPKn0y.sW4OhjdhE/OSEYCFdSDpicx7qraKVslOTV78i/B3.G', NULL, NULL, NULL, NULL, NULL, 'admin', NULL, NULL, 'APP20240503h7o1wxG', '2023-05-12 12:39:07'),
('USR20230524S7pw85F', 'John Deere', 'juma@psychx.io', '0725608292', '$2y$11$xJsS7ghRAGRYVOPW7UucR.l0plWOXVE7l6SPtjJUQuYzdIHTZ4S06', NULL, '', NULL, NULL, NULL, 'admin', NULL, NULL, 'APP20240504ZA2RxM3', '2023-05-24 14:26:21'),
('USR202306055kfTVb0', 'Faith N Isaac', 'isaacfaith593@gmail.com', '0725432005', '$2y$11$8meEDMAnJ0JjweEBvGMJwOiiABoEKfx4L7Ggue47v8yl3yKgThDCq', 'FilmImage20230605at013840pmkcwhezdx.jpg', '', NULL, NULL, NULL, 'admin', NULL, NULL, 'APP20240503h7o1wxG', '2023-06-05 13:00:45'),
('USR20230608R1vqLrk', 'Pastor John Ngahu', 'thecampuspixel@gmail.com', '0715619700', '$2y$11$KaLZFTrpwm3txV2aXT8EmuA6a9bJ4AP9dpEP9H5cT3p87W6nZ8xLa', NULL, NULL, NULL, NULL, NULL, 'admin', NULL, NULL, 'APP20240504ZA2RxM3', '2023-06-08 13:01:37'),
('USR20230608RxgJB10', 'Irene', 'irenemwaniki93@gmail.com', '0715282893', '$2y$11$hMhp.ssZC9JyCoVBRNzzCucOX.HGh3T5BV9/ft85Z3P9.ZiQGozu6', NULL, NULL, NULL, NULL, NULL, 'admin', NULL, NULL, 'APP20240504ZA2RxM3', '2023-06-08 12:10:17'),
('USR20230608VhuE5tc', 'Gladys Wahithe', 'gladyswahithe@gmail.com', '+254791245235', '$2y$11$VvVpvUrsFhMGWS5yrKJkvehTExWl2gIL4C/R8dTabBOt0OFHSxYa6', NULL, NULL, NULL, NULL, NULL, 'admin', NULL, NULL, 'APP20240503h7o1wxG', '2023-06-08 14:13:34'),
('USR20230609IsD5thP', 'Juma', 'juma.theophilus@jasirifellow.org', '0720401194', '$2y$11$leWS/CcUdfOhMIEQv5..aO07qVkbwzYelFB.R2Kr6KDRlKBVn66Oe', NULL, NULL, NULL, NULL, NULL, 'admin', NULL, NULL, 'APP20240504ZA2RxM3', '2023-06-09 15:38:45'),
('USR20230609neXZ1vW', 'Mike March', 'michaelselunani@vesencomputing.com', '01234561', '$2y$11$CV1L807RBRpTUP1GDAEqIuD2IIA.a5zWI0AoKpio.SOdhHqIbXf52', NULL, NULL, NULL, NULL, NULL, 'admin', NULL, NULL, 'APP20240504ZA2RxM3', '2023-06-09 18:54:00'),
('USR20230612projgKu', 'Hannah', 'nhgachugi@gmail.com', '0728011165', '$2y$11$RkX5e6mU9HfAd5dcR049nuRW6bQ4/53COhw5hOIohrirAGAha0eC6', NULL, NULL, NULL, NULL, NULL, 'admin', NULL, NULL, 'APP20240504ZA2RxM3', '2023-06-12 14:31:47'),
('USR20230619zuWMt39', 'hellenalice1@gmail.com', 'hellenalice1@gmail.com', '0715684901', '$2y$11$SI9v5zArSIPTbjQtxHBicesHcFlNsarnNZ.GGDb5fSbb4ZGk63b/6', NULL, NULL, NULL, NULL, NULL, 'admin', NULL, NULL, 'APP20240504ZA2RxM3', '2023-06-19 10:41:56'),
('USR20230620JIGX2YL', 'jacinta muriuki', 'wagithijacinta@gmail.com', '+254704322307', '$2y$11$sV5mgWJ9a2r81R.N/1ij0OLc2HFL42/P0XZ6wpTznEoPGH0DN8WcW', NULL, NULL, NULL, NULL, NULL, 'admin', NULL, NULL, 'APP20240504ZA2RxM3', '2023-06-20 17:41:55'),
('USR20230630MCVs2rk', 'Paul Ndirangu', 'pandirangu@gmail.com', NULL, '$2y$11$JXfLOv5aik2NPckrtgOUnOqOmbsvnNuk16gx.tBa/Boeo.oitsIjC', NULL, NULL, NULL, NULL, NULL, 'admin', NULL, NULL, 'APP20240504ZA2RxM3', '2023-06-30 21:02:15'),
('USR20230705g04Pu5a', 'Lunani Mikael', 'michael1998march@gmail.com', '0123456', '$2y$11$AzCpxHO/CoEBLvgEzdObIeHXn0InTighxdXCWgymkezRzV/dIKQ8e', 'CinemasImage20230705at124029pmixro9g18.jpg', '', NULL, NULL, NULL, 'admin', NULL, NULL, 'APP20240504ZA2RxM3', '2023-07-05 12:40:29'),
('USR20230706THOYmVc', 'Beryl', 'berylmungai@gmail.com', '079143500', '$2y$11$PwSPYf8Me1mLRBGq3lZN0Owoq0EsV.QcAAUfLpeZWX27ynpspPayK', NULL, NULL, NULL, NULL, NULL, 'admin', NULL, NULL, 'APP20240504ZA2RxM3', '2023-07-06 11:11:20'),
('USR20230709u7d4WRs', 'Laura', 'lauramurumba@gmail.com', '0721312903', '$2y$11$dn15RYTkoxm3nzA63bxRwuZhI2.BdhIkbkFxgcE0ebGIH8e4t3l5W', NULL, NULL, NULL, NULL, NULL, 'admin', NULL, NULL, 'APP20240504ZA2RxM3', '2023-07-09 09:46:03'),
('USR20230715s3VgKlH', 'chege maria', 'chegemaria10@gmail.com', NULL, '$2y$11$YX/DJ8ZXdyMpSkb.I0o24eazwN4VDSIKOPHyL/.ZAm1w15pi6gTxK', NULL, NULL, NULL, NULL, NULL, 'admin', NULL, NULL, 'APP20240504ZA2RxM3', '2023-07-15 11:36:36'),
('USR20230722zFk0ugQ', 'Ahmed Sultan Mirza', 'ahmed@thequantumz.com', NULL, '$2y$11$6Jc45y52Uj8gQYQFKho7GO2EJbYfiE/fmONq9pqd4u9M6ZMs2keyq', NULL, NULL, NULL, NULL, NULL, 'admin', NULL, NULL, 'APP20240504ZA2RxM3', '2023-07-22 15:03:35'),
('USR20230723NDeP0aw', 'Susan Njeri', 'njerisusan160@gmail.com', NULL, '$2y$11$2etp84Ulv95ZdgCB83o1mOkqpHdHEILTYEOE/xm171eN6y4rp5faO', NULL, NULL, NULL, NULL, NULL, 'admin', NULL, NULL, 'APP20240504ZA2RxM3', '2023-07-23 16:55:04'),
('USR20230724NiKXICo', 'Esther Mwongeli', 'esthermwongeli625@gmail.com', NULL, '$2y$11$4sVux53POqXhAoWE7U0D5ug0bMTHrYo7Lt7bS1167WKgDcTLZSpxK', NULL, NULL, NULL, NULL, NULL, 'admin', NULL, NULL, 'APP20240504ZA2RxM3', '2023-07-24 18:51:13'),
('USR20230724x5Wro4P', 'Mahihu Njogu', 'jehumahesh@gmail.com', NULL, '$2y$11$7M2xpShWgH40u9F1gdRBrePt2vZE4PXU2B6GYqJlLZhBf2S.pshKu', NULL, NULL, NULL, NULL, NULL, 'admin', NULL, NULL, 'APP20240504ZA2RxM3', '2023-07-24 12:48:46'),
('USR20230806Am7bgQT', 'Sherise Mu', 'sherisebecky@gmail.com', NULL, '$2y$11$H25jh0GKgLQ5gX97AvS5oeRPJ5d5bP5JUxa7ZpyFS7wnosMKsdzYu', NULL, NULL, NULL, NULL, NULL, 'admin', NULL, NULL, 'APP20240504ZA2RxM3', '2023-08-06 22:19:25'),
('USR202308107uwLvcy', 'Francisca', 'cescamusyoki@gmail.com', '0791853556', '$2y$11$Lxr32tlmxK8Fa3pq8xVdoeOOh8vOrcji9RN4Gw7q1xJWce8XpGeUi', NULL, NULL, NULL, NULL, NULL, 'admin', NULL, NULL, 'APP20240504ZA2RxM3', '2023-08-10 15:36:14'),
('USR20230810OXprDv1', 'Francisca', 'munyivacesca@gmail.com', '0791853556', '$2y$11$e4F6BLxyj/SdxTgmE3QE8O4oTaUhfFF1Q8Tj8ljS42d16f4wiafkS', NULL, NULL, NULL, NULL, NULL, 'admin', NULL, NULL, 'APP20240504ZA2RxM3', '2023-08-10 15:40:55'),
('USR202308138wlY2s4', 'RUTH NJUGUNA', 'njugunaruth821@gmail.com', NULL, '$2y$11$151z1Zxwit.UBY5MhXIGGOqGs4kT8HUCqcH5/C9qomHpSmU.grJie', NULL, NULL, NULL, NULL, NULL, 'admin', NULL, NULL, 'APP20240504ZA2RxM3', '2023-08-13 12:08:03'),
('USR20230813DyBYA6S', 'Mary Nungari', 'marynungari366@gmail.com', '0715771424', '$2y$11$OLXK7ws5LYYM/HfUR0ywKumPAlXVH3Cmh.F7U6.HqPPOepaeUdNEC', NULL, NULL, NULL, NULL, NULL, 'admin', NULL, NULL, 'APP20240504ZA2RxM3', '2023-08-13 15:43:05'),
('USR20230814wlFqrCW', 'VALLERY OUMA', 'Oumavallery17@yahoo.com', '0723664318', '$2y$11$oU4fls4.oCvaXrDw1S6p1.i00hnz.FEcNQrxOjAZk/ymjE24v1jL2', NULL, NULL, NULL, NULL, NULL, 'admin', NULL, NULL, 'APP20240504ZA2RxM3', '2023-08-14 11:03:37'),
('USR20230815chidPaQ', 'MUNGAI ALVIN KAMAU', 'akm@students.uonbi.ac.ke', NULL, '$2y$11$SLtchOZuEHXWhvvBHEnZ0OEkff1tHH7beW8qjjLqqzFN1SuGVNTle', NULL, NULL, NULL, NULL, NULL, 'admin', NULL, NULL, 'APP20240504ZA2RxM3', '2023-08-15 12:48:55'),
('USR202308179pNJ0r5', 'ANTONY MANGOLI', 'antocozin@gmail.com', NULL, '$2y$11$7uzpzISDhwhI6aV2PQ3sGO2e2jVgHe.7l2pUJ2l8.3Vkr84HgsasC', NULL, NULL, NULL, NULL, NULL, 'admin', NULL, NULL, 'APP20240504ZA2RxM3', '2023-08-17 12:05:57'),
('USR20230821KTq49Y0', 'Naomi Adema', 'ademanaomi@gmail.com', NULL, '$2y$11$nyPnKZuySXgIVrFRmMmLseMNOBeSU/MstBVfCUE1NWKYfGzoRn..m', NULL, NULL, NULL, NULL, NULL, 'admin', NULL, NULL, 'APP20240504ZA2RxM3', '2023-08-21 02:48:50'),
('USR202308230y5c9Ul', 'Joy Njoki', 'njokinjiru24@gmail.com', '0722857940', '$2y$11$FrZR0lj6g8EEYnrXsUwY1.IAgZKFE5KVFSv394a1pITvsIp./04tG', NULL, '', NULL, NULL, NULL, 'admin', NULL, NULL, 'APP20240504ZA2RxM3', '2023-08-23 16:03:55'),
('USR20230823NMByH9z', 'Annah Kimani', 'akimani66@gmail.com', NULL, '$2y$11$/dU0O4MPnh3nP0gNt576DOZpV3ZAeoAoY1qyWuA80se3tN4ndQyJi', NULL, NULL, NULL, NULL, NULL, 'admin', NULL, NULL, 'APP20240504ZA2RxM3', '2023-08-23 14:11:09'),
('USR20230830txqlPeR', 'Brian Muchanga', 'brianmuchanga@gmail.com', NULL, '$2y$11$hNN50hvUfphiaw37Bc9J2.EdJvWIDEU20mqGCCB3fO6no8oJBYCv.', NULL, NULL, NULL, NULL, NULL, 'admin', NULL, NULL, 'APP20240504ZA2RxM3', '2023-08-30 11:22:58'),
('USR20230908RtrP0ah', 'Juma', 'jumatheofilo@gmail.com', '0725608292', '$2y$11$UKldW7SNI8awGqi/Q.cyDuYAS1g2BHVr0TZa8EUDyDnxnFJw5UZV6', NULL, NULL, NULL, NULL, NULL, 'admin', NULL, NULL, 'APP20240504ZA2RxM3', '2023-09-08 15:22:31'),
('USR20230911KIbBhok', 'Stella Kidera', 'kiderastella@gmail.com', NULL, '$2y$11$xe2EJXfbXL4O700hU6YMX.oxCWp9wDVdUV5..13/h2MDqAKSSy4mi', NULL, NULL, NULL, NULL, NULL, 'admin', NULL, NULL, 'APP20240503h7o1wxG', '2023-09-11 10:32:37'),
('USR20230912fbNRjHv', 'Annet Nyabuto', 'annetgnyabuto@gmail.com', '0748491331', '$2y$11$8uBLQePfKMnIS8WJW6JPf.JkK/6UBdCOTIj4ZaMW14aJpLEgNOpBW', NULL, NULL, NULL, NULL, NULL, 'admin', NULL, NULL, 'APP20240504ZA2RxM3', '2023-09-12 18:04:04'),
('USR20230913u7I68tN', 'Daisy Gitimu', 'daisygitimu@gmail.com', NULL, '$2y$11$rCWJtxIcD7fSIbUG/eZ18O7kt2If3V.SZkaayh3SBfu7Qp2qWTDdW', NULL, NULL, NULL, NULL, NULL, 'admin', NULL, NULL, 'APP20240504ZA2RxM3', '2023-09-13 13:12:20'),
('USR20230926LsRXnKO', 'Andrew', 'andymusili@gmail.com', '0719498657', '$2y$11$fi6JLyWtVW6/D1xCXNQn7.106yi/w8bDuiQCN3X43IGc11xr1el16', NULL, NULL, NULL, NULL, NULL, 'admin', NULL, NULL, 'APP20240504ZA2RxM3', '2023-09-26 17:15:13'),
('USR20240109VYT2gw5', 'Patience', 'Patsubira2@gmail.com', '0703340306', '$2y$11$R0pBUsA5N8Ae9/w.zR9JUOo4EeFXns26dYj1190K5eRIFrrVW8e5y', NULL, NULL, NULL, NULL, NULL, 'admin', NULL, NULL, 'APP20240504ZA2RxM3', '2024-01-09 22:34:06'),
('USR202401249iL2MFx', 'Hafiz Nguyen', 'fifymutune@gmail.com', '254792837234', '$2y$11$2D7vFo8vkp673NmPnslp0O26b.KRSBq8k0AvcNC1zeBsSwotsr1ia', NULL, NULL, NULL, NULL, NULL, 'admin', NULL, NULL, 'APP20240503h7o1wxG', '2024-01-24 12:57:34'),
('USR20240124zcKwWjS', 'Hafiz Nguyen', 'mutune@isa-fellow.com', '+4917674857071', '$2y$11$.600ikdX4rjXWf.0tmOt2uCcRQcdEMPbiTKY0MHOenbNNOFKoyQMe', NULL, NULL, NULL, NULL, NULL, 'admin', NULL, NULL, 'APP20240504ZA2RxM3', '2024-01-24 12:56:08'),
('USR20240129b3UwrMn', 'Valentine', 'valentinewanjiku77@gmail.com', '0113661857', '$2y$11$2txKmQtiwRbDpCUofpPZLuRr.0YEYloYNBP.TzBRcaUtqmLbFfNq.', NULL, NULL, NULL, NULL, NULL, 'admin', NULL, NULL, 'APP20240504ZA2RxM3', '2024-01-29 19:16:05'),
('USR20240130XilJEWc', 'Vickey', 'vickeymwema@gmail.com', '0734296082', '$2y$11$ZiAY2CPr1AD8D/.Qi6.uZ.cP5D778LiJZ3efQsK0UxKnCQb5Fvy1e', NULL, NULL, NULL, NULL, NULL, 'admin', NULL, NULL, 'APP20240504ZA2RxM3', '2024-01-30 14:13:06'),
('USR20240212EnjZrQG', 'Juma', 'hello@psychx.io', '0720401194', '$2y$11$6nCQkBgUwZgE6umdOEgwZOyImE8sKvo6dp5bd7We4d9phmxLqbDv2', 'HealthImage20240212at065017pm4oajedl5.png', '32153893', NULL, NULL, NULL, 'admin', NULL, NULL, 'APP20240504ZA2RxM3', '2024-02-12 18:50:17'),
('USR20240312cCOZx9i', 'mutune', 'mutunefreda16@gmail.com', '710544464', '$2y$11$0EXW/.WmoXn0/erzZR.ul.q6pU4G6ApQFUJJZQwLpKfrK9pkWvigq', 'HealthImage20240312at012139pm6c5z2xy1.jpg', '32059698', NULL, NULL, NULL, 'admin', NULL, NULL, 'APP20240503h7o1wxG', '2024-03-12 13:21:39'),
('USR20240318JTHl7pP', 'Amina Swedi', 'aminaswedi88@gmail.com', '0726291040', '$2y$11$/.PQRwKsGkWgz66akLNKC.ImGomOj7wSVlUl6MAbUcNwAKut8Qba6', 'HealthImage20240318at121205pmtq7ou9j6.jpg', '', NULL, NULL, NULL, 'admin', NULL, NULL, 'APP20240503h7o1wxG', '2024-03-18 12:12:05'),
('USR20240325mLbhO7p', 'Moses', 'mose.marangu@gmail.com', '0717333585', '$2y$11$A5homObJ8KDEeIDkGTNg8OhEP9xzvyyLwJgNJ3M59.QmZfFqWAOlG', 'TherapyImage20240325at091119am04tga9my.jpg', '34172432', NULL, NULL, NULL, 'admin', NULL, NULL, 'APP20240504ZA2RxM3', '2024-03-25 08:43:16'),
('USR20240417760cDO4', 'test', 'test@gmail.com', '0717866722', '$2y$11$pkAAPzh2Xg0EKORx3gD/u.Ege4NxHvE.PwJHdddZ.2JowKwie3Qfe', NULL, NULL, NULL, NULL, NULL, 'admin', NULL, NULL, 'APP20240504ZA2RxM3', '2024-04-17 16:34:10'),
('USR20240501uvAJCF9', 'Redempta', 'redempta96@gmail.com', '0701413367', '$2y$11$Voct8pJXFnjelyGz3v8jQ.RdF2at3HjnPMHkSXaubpcvJoqoY1wHS', NULL, NULL, NULL, NULL, NULL, 'admin', NULL, NULL, 'APP20240504ZA2RxM3', '2024-05-01 12:38:20'),
('USR20240508ai12qV9', 'Guka', 'inof@gmail.com', '07123454545', '$2y$11$Gh5z0xCzw/F0we1oWqbJYuuTOa9SkYJLNh/ZTQpcZbnjdD8Oa7aTG', NULL, '1234', '2000-01-01', 'Gudi', '07123454545', 'self', '1234', NULL, 'APP20240504ZA2RxM3', '2024-05-08 09:04:44'),
('USR202405124TV5LHM', 'John Ndungu', 'john.ndungu@veseninternal.co.ke', '0702670301', '$2y$11$pR4a4SvT.T6ZQMJk3hD/ve4cGZLUQ9PZjXipzet4yVrglY42tshKG', NULL, '34132269', '1997-11-27', 'Peter Chege', '0713564851', 'self', 'A0345699122', NULL, 'APP20240504ZA2RxM3', '2024-05-12 15:18:03'),
('USR202405141nNKm3c', 'Teresa masha', 'tmasha285@gmail.com', '726245451', '$2y$11$AJeKkeKkPjAJMiLSdTs8s.fUTYHAG.R8m5vlvFi7K0NzsFQrM5nW2', 'default.png', '234123', '1991-11-19', 'rosebella obura', '726245451', 'hZCklWu', 'NA', NULL, 'APP20240504TnEX3sj', '2024-05-14 09:40:58'),
('USR202405142IiCHu5', 'jacquelynne kihuha', 'jgkihuha@gmail.com', '722573253', '$2y$11$yNpnlp8QuoOVVBIprvTQsuc39KVCDhOVLFZRTBk4sY.ribxQUjWvu', 'default.png', '123456', '1996-05-06', 'Annabel wambui', '722573253', 'hZCklWu', 'NA', NULL, 'APP20240504TnEX3sj', '2024-05-14 09:41:00'),
('USR202405144j6SKtF', 'purity wachira', 'muthoniwpuritie@gmail.com', '748111439', '$2y$11$MGbSm6tOwlg35G0AbSyaWeOZqpOOwLJ7lRHin6GoxJ1PUVPv6Xlxi', 'default.png', '123456', '1970-01-01', 'Joyce wachira', '748111439', 'hZCklWu', 'NA', NULL, 'APP20240504TnEX3sj', '2024-05-14 09:41:00'),
('USR202405145JRy6aq', 'valerian micheni', 'valerian. micheni@gmail.com', '722466033', '$2y$11$qEooaFqBpqrW.aN4N8hyhejF8de7pWtsapGO2oVJrCf30C/5FRXAy', 'default.png', '123456', '1978-04-22', 'Caroline micheni ', '722466033', 'hZCklWu', 'NA', NULL, 'APP20240504TnEX3sj', '2024-05-14 09:41:00'),
('USR20240514DnZzcEW', 'zilla mwimali', 'zillamwimmali@gmail.com', '796760359', '$2y$11$cwRo2/xwz9PAoICN0cKCPeyABUnVmDrdO6R5ryQCOUwBejNbk6SGO', 'default.png', '123456', '1998-03-19', 'dedan wamalwa', '796760359', 'hZCklWu', 'NA', NULL, 'APP20240504TnEX3sj', '2024-05-14 09:41:00'),
('USR20240514dU2hb5W', 'Adrian ndeti', 'ndetiadrian@gmail. com', '713207067', '$2y$11$7G2MTJqi3L1c0wiuEK7cUeQMilFd1RWILxkJ4yuJRa.1mNXbL2r0G', 'default.png', '123456', '1996-02-08', 'Harriet mwelu', '713207067', 'hZCklWu', 'NA', NULL, 'APP20240504TnEX3sj', '2024-05-14 09:41:00'),
('USR20240514FGW2QOL', 'loice onyino', 'loiceonyino@gmail.com', '715542010', '$2y$11$1ic3zv9ZGFfYBxxbZpOjzu7RlKJI0rKGYWMmc9F.tgGJEFwyl1j/u', 'default.png', '123456', '1995-12-01', 'seruya butembu', '715542010', 'hZCklWu', 'NA', NULL, 'APP20240504TnEX3sj', '2024-05-14 09:40:59'),
('USR20240514GgIsAfP', 'Patrick kimazi', 'kimanzi.patrick@yahoo.com', '717139095', '$2y$11$QqUpI./5N6yva5/QxFbihOOC2okv3Q4idFOLAArPB3rL5yS12jkV.', 'default.png', '123456', '1964-10-19', 'tabitha mwendwa ', '717139095', 'hZCklWu', 'NA', NULL, 'APP20240504TnEX3sj', '2024-05-14 09:41:01'),
('USR20240514i4o6x7w', 'ceciliah njau', 'ceciliahnjau8@gmail.com', '723848390', '$2y$11$0BXFOARo3apCbohVXwk85OtIDthIzH599YVTl2bAJyQSPExxvNyc.', 'default.png', '123456', '1997-05-08', 'Ben njau', '723848390', 'hZCklWu', 'NA', NULL, 'APP20240504TnEX3sj', '2024-05-14 09:40:58'),
('USR20240514KZyc5NQ', 'Christine ', 'chichiartgallery@gmail.com', '700000000', '$2y$11$s7F7kIqB6yBmuDi4ilZQDOHi18CfytNKLnDfRabS1zKrqkXikgHFW', 'default.png', '123456', '1970-01-01', 'NA', 'NA', 'hZCklWu', 'NA', NULL, 'APP20240504TnEX3sj', '2024-05-14 09:41:01'),
('USR20240514L7a9k48', 'Angela nyona', 'queengie6@gmail.com', '720799279', '$2y$11$ncH/BaApXjLmDGmoyX.4iO0K2eF1yotYBAl549d3keOHHtYqsCN6m', 'default.png', '123456', '1996-05-03', 'Kennedy okolo', '720799279', 'hZCklWu', 'NA', NULL, 'APP20240504TnEX3sj', '2024-05-14 09:41:01'),
('USR20240514m0xwg7i', 'mary mukami ', 'marymukami34@gmail.com ', '724173003', '$2y$11$WrB.qn5PGZE2leb0R9n1UujXOP2jGU0Du9pWDb6gJ2ll1wZzXbyla', 'default.png', '123456', '1970-11-08', 'Eunice njue', '724173003', 'hZCklWu', 'NA', NULL, 'APP20240504TnEX3sj', '2024-05-14 09:41:01'),
('USR20240514nDRjgGv', 'derrick njiru', 'derrickmuthomi9@gmail.com', '743335366', '$2y$11$tZm6bMd9m6nJtt8CVepkjuEiiqrKQ/5qrZzVOujcYYf78rO6HetAu', 'default.png', '123456', '1996-02-29', 'patience mumbi', '743335366', 'hZCklWu', 'NA', NULL, 'APP20240504TnEX3sj', '2024-05-14 09:40:59'),
('USR20240514qXTmQCb', 'Kelvin machara', 'macharaclement@gmail.com', '722316475', '$2y$11$LSSqBWSpdGi4megIN1Qp0e68TwnxRi/FrD/qEidSl03wJq0ridn/C', 'default.png', '123456', '1995-07-08', 'mercy machara', '722316475', 'hZCklWu', 'NA', NULL, 'APP20240504TnEX3sj', '2024-05-14 09:40:59'),
('USR20240514R8c2l0d', 'Evelyn muregi', 'eva.muregi@gmail.com', '722820504', '$2y$11$u6mdoEtdXiqhusV1uDiVl.u0wMXW34UjUuRSbfIAIqeSgql.qkw.i', 'default.png', '123456', '1970-01-01', 'Susan njuguna', '722820504', 'hZCklWu', 'NA', NULL, 'APP20240504TnEX3sj', '2024-05-14 09:40:59'),
('USR20240514RAOle9j', 'Alfred otieno', 'Alfredkiasa30@gmail.com', '701738290', '$2y$11$d/zZf4gLjSR9VeO6ju2zXu0loat6g2w3FzF0/zObRJbX6kBvxPHMO', 'default.png', '123456', '2000-04-15', 'Doreen otieno', '701738290', 'hZCklWu', 'NA', NULL, 'APP20240504TnEX3sj', '2024-05-14 09:40:58'),
('USR20240514ucEIiYQ', 'Victor lando', 'landovictor88@gmail.com', '722977249', '$2y$11$uSrec.Uc3CYJYfUo0MqbYePs/hksAoasfI8BrtrmjgrGX6XQeEs6m', 'default.png', '123456', '1995-07-12', 'John wafula', '722977249', 'hZCklWu', 'NA', NULL, 'APP20240504TnEX3sj', '2024-05-14 09:40:59'),
('USR20240514UJo78bB', 'Esther wangui ', 'Ewangui257@gmail. com', '742740762', '$2y$11$wR0vKjQByd2TgAU86pR7Y.RevIHPfowDbyH1H1Eo7v00kNBLmDG6.', 'default.png', '123456', '1984-12-04', 'Hannah githinji', '742740762', 'hZCklWu', 'NA', NULL, 'APP20240504TnEX3sj', '2024-05-14 09:41:00'),
('USR20240514vIZhJ8i', 'Dan shimoli', 'Danshimoli@gmail.com', '707194586', '$2y$11$gvrnl9006oYXMRVt43SEEuYm7rQwT2FLxhQXnUpzBFFxpnVPltAam', 'default.png', '123456', '1995-09-06', 'alubisia', '707194586', 'hZCklWu', 'NA', NULL, 'APP20240504TnEX3sj', '2024-05-14 09:41:00'),
('USR20240514xFiDaPZ', 'Monica waithira', 'monicahwaithira76@gmail.com', '706055015', '$2y$11$UEY.62WWZUskhV9iEMRjZO.ogstWd2oohvLetXM/VVeE.EZs.Glau', 'default.png', '123456', '1998-07-05', 'Samuel ', '706055015', 'hZCklWu', 'NA', NULL, 'APP20240504TnEX3sj', '2024-05-14 09:40:59'),
('USR20240514zoLSilU', 'monica njoroge', 'Jacksonmonica720@gmail.com', '727570606', '$2y$11$HGRb3UaYVRc5IM24HVxyNevJE9xdAnahdMqUUIF.I/9Fs3YuEyZWa', 'default.png', '123456', '2000-05-23', 'pricila nungari', '727570606', 'hZCklWu', 'NA', NULL, 'APP20240504TnEX3sj', '2024-05-14 09:40:58'),
('USR20240516heYzMC9', 'Fiona', 'fiwekulo@gmail.com', '726245451', '$2y$11$Zrc0JX13rti6FntfsTg3Z.YigW/tgY7w.aOApWuIBqXMEw66z.dfG', 'default.png', '234123', '1991-11-19', 'rosebella obura', '726245451', 'LAN20230228JNo0abc', 'NA', 4, 'APP20240503h7o1wxG', '2024-05-16 11:36:58'),
('USR20240526mRsQZj6', 'St June', 'santojuliototsan@gmail.com', '9985858891', '$2y$11$4M7Mw3N7BOEjHx6uNBQYUuJ0E/I4G3/1ewp1IlPnMKKs5PnXmTwEG', NULL, '1234', '2024-05-24', 'Dan', '0745858891', 'admin', '1234', NULL, 'APP20240506hExZ3OM', '2024-05-26 22:48:41'),
('USR20240724I9kvpOy', 'edwin', 'nmwendi@gmail.com', '+254720647557', '$2y$11$FFUrCpANB1fRh0Te7HKd7epy8abHot8IzvQjLQjlD/e9f.ZF3rCle', NULL, '22855419', '2001-06-05', 'Test Me', '+254720647557', 'self', 'A003151280B', NULL, NULL, '2024-07-24 09:40:16'),
('USR20240809YVu108E', 'MkaRUfGZCXEeYNno', 'matamuriea7982@gmail.com', '7918002100', '$2y$11$bJAAGYofI213a2GYpq7CjOu13BAC2AOssgqFJ9Bf27hSck0iNiZ0e', NULL, 'qItlKdohDMv', '2024-09-08', 'WHrtzMhlQGsIdvX', '7776193540', 'self', 'BSfgKdlEAts', NULL, NULL, '2024-08-09 22:54:20'),
('USR20240812LEIRlBP', 'xMyvSqcYjiKXTpO', 'hyksleihl2001@gmail.com', '6675307914', '$2y$11$iPytVDaJWuQQ/tkLAv/00uZ32mfmhepbLLhWL7BM6zZpNtoTrBlfm', NULL, 'TVfQSnJCqu', '2024-12-08', 'nrwTeEubkiJxzSgH', '9291433787', 'self', 'somNxfkOlT', NULL, NULL, '2024-08-12 15:14:59'),
('UVO4WqP9LzE', 'Ayub Toussaint', 'prinzbonz@gmail.com', '0745858891', '$2y$11$NHJnqtVe6MVcEPv90Cahku0cuor/eJA6BdaUnT4.QUPo6SynpcCFy', NULL, '123123123', NULL, NULL, NULL, 'self', NULL, NULL, 'APP20240504ZA2RxM3', '2022-12-15 01:23:31'),
('vCOJRmr5U0K', 'Wambui Mwaura', 'mwauraw029@gmail.com', '+254 769 467 176', '$2y$11$NHJnqtVe6MVcEPv90Cahku0cuor/eJA6BdaUnT4.QUPo6SynpcCFy', NULL, '35266281', NULL, NULL, NULL, 'admin', NULL, NULL, 'APP20240504ZA2RxM3', '2023-02-27 01:21:24'),
('vdPby5mEYeA', 'Neddy Lusimbo', 'Lusimboneddy@gmail.com', '0702879696', '$2y$11$NHJnqtVe6MVcEPv90Cahku0cuor/eJA6BdaUnT4.QUPo6SynpcCFy', NULL, '30593954', NULL, NULL, NULL, 'admin', NULL, NULL, 'APP20240504ZA2RxM3', '2023-04-18 15:32:07'),
('w0pxq1Tnogs', 'PsychX', 'psychxcommunication@gmail.com', NULL, '$2y$11$NHJnqtVe6MVcEPv90Cahku0cuor/eJA6BdaUnT4.QUPo6SynpcCFy', NULL, NULL, NULL, NULL, NULL, 'admin', NULL, NULL, 'APP20240504ZA2RxM3', '2023-03-07 13:24:00'),
('W1g72jy0FAe', 'BIBO', 'bibo@hardware.com', NULL, '$2y$11$NHJnqtVe6MVcEPv90Cahku0cuor/eJA6BdaUnT4.QUPo6SynpcCFy', NULL, NULL, NULL, NULL, NULL, 'admin', NULL, NULL, 'APP20240504ZA2RxM3', '2023-04-29 16:45:15'),
('wRaFnGS6itU', 'Jackson Kimeu', 'jackeym89@gmail.com', NULL, '$2y$11$NHJnqtVe6MVcEPv90Cahku0cuor/eJA6BdaUnT4.QUPo6SynpcCFy', NULL, NULL, NULL, NULL, NULL, 'self', NULL, NULL, 'APP20240504ZA2RxM3', '2023-01-18 11:47:27'),
('xso3gzWnRw8', 'Njoki', 'njokimary47@gmail.com', '0726551488', '$2y$11$NHJnqtVe6MVcEPv90Cahku0cuor/eJA6BdaUnT4.QUPo6SynpcCFy', NULL, '31451051', NULL, NULL, NULL, 'self', NULL, NULL, 'APP20240503h7o1wxG', '2023-01-17 00:46:19'),
('YFiowAQku7z', 'Vesen Computing Solutions', 'support@vesencomputing.com', NULL, '$2y$11$NHJnqtVe6MVcEPv90Cahku0cuor/eJA6BdaUnT4.QUPo6SynpcCFy', NULL, NULL, NULL, NULL, NULL, 'self', NULL, NULL, 'APP20240504ZA2RxM3', '2023-01-16 05:02:54'),
('YSA7c9pthi5', 'John', 'admin@gmail.com', NULL, '$2y$11$NHJnqtVe6MVcEPv90Cahku0cuor/eJA6BdaUnT4.QUPo6SynpcCFy', NULL, NULL, NULL, NULL, NULL, 'admin', NULL, NULL, 'APP20240504ZA2RxM3', '2023-04-21 12:01:29'),
('Z79PFDXvObR', 'Laurin M', 'laurinmungai@gmail.com', NULL, '$2y$11$NHJnqtVe6MVcEPv90Cahku0cuor/eJA6BdaUnT4.QUPo6SynpcCFy', NULL, NULL, NULL, NULL, NULL, 'admin', NULL, NULL, 'APP20240504ZA2RxM3', '2023-03-24 11:00:30');

--
-- Indexes for dumped tables
--

--
-- Indexes for table `admin`
--
ALTER TABLE `admin`
  ADD PRIMARY KEY (`admin_id`);

--
-- Indexes for table `amenities`
--
ALTER TABLE `amenities`
  ADD PRIMARY KEY (`amenities_id`);

--
-- Indexes for table `banner`
--
ALTER TABLE `banner`
  ADD PRIMARY KEY (`banner_id`),
  ADD KEY `banner_ibfk_1` (`property_id`);

--
-- Indexes for table `bedroom`
--
ALTER TABLE `bedroom`
  ADD PRIMARY KEY (`bedroom_id`);

--
-- Indexes for table `booking`
--
ALTER TABLE `booking`
  ADD PRIMARY KEY (`booking_id`);

--
-- Indexes for table `callback`
--
ALTER TABLE `callback`
  ADD PRIMARY KEY (`callback_id`),
  ADD KEY `callback_ibfk_1` (`property_id`);

--
-- Indexes for table `check_in_image`
--
ALTER TABLE `check_in_image`
  ADD PRIMARY KEY (`check_in_image_id`),
  ADD KEY `rentee_id` (`rentee_id`);

--
-- Indexes for table `currency`
--
ALTER TABLE `currency`
  ADD PRIMARY KEY (`currency_id`);

--
-- Indexes for table `expense`
--
ALTER TABLE `expense`
  ADD PRIMARY KEY (`expense_id`);

--
-- Indexes for table `expense_category`
--
ALTER TABLE `expense_category`
  ADD PRIMARY KEY (`expense_category_id`);

--
-- Indexes for table `featured_property`
--
ALTER TABLE `featured_property`
  ADD PRIMARY KEY (`featured_property_id`),
  ADD KEY `featured_property_ibfk_1` (`property_id`);

--
-- Indexes for table `features`
--
ALTER TABLE `features`
  ADD PRIMARY KEY (`features_id`),
  ADD KEY `features_ibfk_1` (`property_id`);

--
-- Indexes for table `guard`
--
ALTER TABLE `guard`
  ADD PRIMARY KEY (`guard_id`),
  ADD KEY `guard_ibfk_1` (`property_id`);

--
-- Indexes for table `inquiry`
--
ALTER TABLE `inquiry`
  ADD PRIMARY KEY (`inquiry_id`);

--
-- Indexes for table `invoice`
--
ALTER TABLE `invoice`
  ADD PRIMARY KEY (`invoice_id`),
  ADD KEY `invoice_ibfk_1` (`property_id`),
  ADD KEY `invoice_ibfk_2` (`employee_id`);

--
-- Indexes for table `invoice_item`
--
ALTER TABLE `invoice_item`
  ADD PRIMARY KEY (`invoice_item_id`),
  ADD KEY `invoice_item_ibfk_1` (`invoice_id`);

--
-- Indexes for table `landlord`
--
ALTER TABLE `landlord`
  ADD PRIMARY KEY (`landlord_id`);

--
-- Indexes for table `metadata`
--
ALTER TABLE `metadata`
  ADD PRIMARY KEY (`metadata_id`);

--
-- Indexes for table `password_reset`
--
ALTER TABLE `password_reset`
  ADD PRIMARY KEY (`password_reset_id`);

--
-- Indexes for table `password_token`
--
ALTER TABLE `password_token`
  ADD PRIMARY KEY (`password_token_id`);

--
-- Indexes for table `payment`
--
ALTER TABLE `payment`
  ADD PRIMARY KEY (`payment_id`);

--
-- Indexes for table `property`
--
ALTER TABLE `property`
  ADD PRIMARY KEY (`property_id`);

--
-- Indexes for table `property_image`
--
ALTER TABLE `property_image`
  ADD PRIMARY KEY (`property_image_id`),
  ADD KEY `property_image_ibfk_1` (`property_id`);

--
-- Indexes for table `property_unit`
--
ALTER TABLE `property_unit`
  ADD PRIMARY KEY (`property_unit_id`);

--
-- Indexes for table `regulation`
--
ALTER TABLE `regulation`
  ADD PRIMARY KEY (`regulation_id`);

--
-- Indexes for table `request`
--
ALTER TABLE `request`
  ADD PRIMARY KEY (`request_id`);

--
-- Indexes for table `standing_order`
--
ALTER TABLE `standing_order`
  ADD PRIMARY KEY (`id`);

--
-- Indexes for table `user`
--
ALTER TABLE `user`
  ADD PRIMARY KEY (`user_id`),
  ADD UNIQUE KEY `user_email` (`user_email`);

--
-- AUTO_INCREMENT for dumped tables
--

--
-- AUTO_INCREMENT for table `currency`
--
ALTER TABLE `currency`
  MODIFY `currency_id` int NOT NULL AUTO_INCREMENT;

--
-- AUTO_INCREMENT for table `standing_order`
--
ALTER TABLE `standing_order`
  MODIFY `id` int NOT NULL AUTO_INCREMENT, AUTO_INCREMENT=6;
COMMIT;

/*!40101 SET CHARACTER_SET_CLIENT=@OLD_CHARACTER_SET_CLIENT */;
/*!40101 SET CHARACTER_SET_RESULTS=@OLD_CHARACTER_SET_RESULTS */;
/*!40101 SET COLLATION_CONNECTION=@OLD_COLLATION_CONNECTION */;
